Survived,Pclass,Name,Sex,Age,SibSp,Parch,Fare,Embarked,Title,Group_Size,AgeGroup_Sex,TicketPrefix,Ticket_FirstDigit,Ticket_Group
0,3,"Braund, Mr. Owen Harris",male,22.0,1,0,7.25,S,Mr,SMALL,20-24_male,a5,2,2117
1,1,"Cumings, Mrs. John Bradley (Florence Briggs Thayer)",female,38.0,1,0,71.2833,C,Mrs,SMALL,35-39_female,pc,1,1759
1,3,"Heikkinen, Miss. Laina",female,26.0,0,0,7.925,S,Miss,ALONE,25-29_female,stono2,3,310128
1,1,"Futrelle, Mrs. Jacques Heath (Lily May Peel)",female,35.0,1,0,53.1,S,Mrs,SMALL,30-34_female,NoPrefix,1,11380
0,3,"Allen, Mr. William Henry",male,35.0,0,0,8.05,S,Mr,ALONE,30-34_male,NoPrefix,3,37345
0,3,"Moran, Mr. James",male,47.0,0,0,8.4583,Q,Mr,ALONE,45-49_male,NoPrefix,3,33087
0,1,"McCarthy, Mr. Timothy J",male,54.0,0,0,51.8625,S,Mr,ALONE,50-54_male,NoPrefix,1,1746
0,3,"Palsson, Master. Gosta Leonard",male,2.0,3,1,21.075,S,Master,MEDIUM,0-4_male,NoPrefix,3,34990
1,3,"Johnson, Mrs. Oscar W (Elisabeth Vilhelmina Berg)",female,27.0,0,2,11.1333,S,Mrs,SMALL,25-29_female,NoPrefix,3,34774
1,2,"Nasser, Mrs. Nicholas (Adele Achem)",female,14.0,1,0,30.0708,C,Mrs,SMALL,10-14_female,NoPrefix,2,23773
1,3,"Sandstrom, Miss. Marguerite Rut",female,4.0,1,1,16.7,S,Miss,SMALL,0-4_female,pp,9,954
1,1,"Bonnell, Miss. Elizabeth",female,58.0,0,0,26.55,S,Miss,ALONE,55-59_female,NoPrefix,1,11378
0,3,"Saundercock, Mr. William Henry",male,20.0,0,0,8.05,S,Mr,ALONE,15-19_male,a5,2,215
0,3,"Andersson, Mr. Anders Johan",male,39.0,1,5,31.275,S,Mr,LARGE,35-39_male,NoPrefix,3,34708
0,3,"Vestrom, Miss. Hulda Amanda Adolfina",female,14.0,0,0,7.8542,S,Miss,ALONE,10-14_female,NoPrefix,3,35040
1,2,"Hewlett, Mrs. (Mary D Kingcome) ",female,55.0,0,0,16.0,S,Mrs,ALONE,50-54_female,NoPrefix,2,24870
0,3,"Rice, Master. Eugene",male,2.0,4,1,29.125,Q,Master,MEDIUM,0-4_male,NoPrefix,3,38265
1,2,"Williams, Mr. Charles Eugene",male,47.0,0,0,13.0,S,Mr,ALONE,45-49_male,NoPrefix,2,24437
0,3,"Vander Planke, Mrs. Julius (Emelia Maria Vandemoortele)",female,31.0,1,0,18.0,S,Mrs,SMALL,30-34_female,NoPrefix,3,34576
1,3,"Masselmani, Mrs. Fatima",female,50.0,0,0,7.225,C,Mrs,ALONE,45-49_female,NoPrefix,2,264
0,2,"Fynney, Mr. Joseph J",male,35.0,0,0,26.0,S,Mr,ALONE,30-34_male,NoPrefix,2,23986
1,2,"Beesley, Mr. Lawrence",male,34.0,0,0,13.0,S,Mr,ALONE,30-34_male,NoPrefix,2,24869
1,3,"McGowan, Miss. Anna ""Annie""",female,15.0,0,0,8.0292,Q,Miss,ALONE,10-14_female,NoPrefix,3,33092
1,1,"Sloper, Mr. William Thompson",male,28.0,0,0,35.5,S,Mr,ALONE,25-29_male,NoPrefix,1,11378
0,3,"Palsson, Miss. Torborg Danira",female,8.0,3,1,21.075,S,Miss,MEDIUM,5-9_female,NoPrefix,3,34990
1,3,"Asplund, Mrs. Carl Oscar (Selma Augusta Emilia Johansson)",female,38.0,1,5,31.3875,S,Mrs,LARGE,35-39_female,NoPrefix,3,34707
0,3,"Emir, Mr. Farred Chehab",male,47.0,0,0,7.225,C,Mr,ALONE,45-49_male,NoPrefix,2,263
0,1,"Fortune, Mr. Charles Alexander",male,19.0,3,2,263.0,S,Mr,MEDIUM,15-19_male,NoPrefix,1,1995
1,3,"O'Dwyer, Miss. Ellen ""Nellie""",female,36.0,0,0,7.8792,Q,Miss,ALONE,35-39_female,NoPrefix,3,33095
0,3,"Todoroff, Mr. Lalio",male,47.0,0,0,7.8958,S,Mr,ALONE,45-49_male,NoPrefix,3,34921
0,1,"Uruchurtu, Don. Manuel E",male,40.0,0,0,27.7208,C,Don,ALONE,35-39_male,pc,1,1760
1,1,"Spencer, Mrs. William Augustus (Marie Eugenie)",female,50.0,1,0,146.5208,C,Mrs,SMALL,45-49_female,pc,1,1756
1,3,"Glynn, Miss. Mary Agatha",female,36.0,0,0,7.75,Q,Miss,ALONE,35-39_female,NoPrefix,3,33567
0,2,"Wheadon, Mr. Edward H",male,66.0,0,0,10.5,S,Mr,ALONE,65-69_male,ca,2,2457
0,1,"Meyer, Mr. Edgar Joseph",male,28.0,1,0,82.1708,C,Mr,SMALL,25-29_male,pc,1,1760
0,1,"Holverson, Mr. Alexander Oskar",male,42.0,1,0,52.0,S,Mr,SMALL,40-44_male,NoPrefix,1,11378
1,3,"Mamee, Mr. Hanna",male,47.0,0,0,7.2292,C,Mr,ALONE,45-49_male,NoPrefix,2,267
0,3,"Cann, Mr. Ernest Charles",male,21.0,0,0,8.05,S,Mr,ALONE,20-24_male,a5,2,215
0,3,"Vander Planke, Miss. Augusta Maria",female,18.0,2,0,18.0,S,Miss,SMALL,15-19_female,NoPrefix,3,34576
1,3,"Nicola-Yarred, Miss. Jamila",female,14.0,1,0,11.2417,C,Miss,SMALL,10-14_female,NoPrefix,2,265
0,3,"Ahlin, Mrs. Johan (Johanna Persdotter Larsson)",female,40.0,1,0,9.475,S,Mrs,SMALL,35-39_female,NoPrefix,7,754
0,2,"Turpin, Mrs. William John Robert (Dorothy Ann Wonnacott)",female,27.0,1,0,21.0,S,Mrs,SMALL,25-29_female,NoPrefix,1,1166
0,3,"Kraeff, Mr. Theodor",male,47.0,0,0,7.8958,C,Mr,ALONE,45-49_male,NoPrefix,3,34925
1,2,"Laroche, Miss. Simonne Marie Anne Andree",female,3.0,1,2,41.5792,C,Miss,SMALL,0-4_female,scparis,2,212
1,3,"Devaney, Miss. Margaret Delia",female,19.0,0,0,7.8792,Q,Miss,ALONE,15-19_female,NoPrefix,3,33095
0,3,"Rogers, Mr. William John",male,47.0,0,0,8.05,S,Mr,ALONE,45-49_male,sca4,2,2356
0,3,"Lennon, Mr. Denis",male,47.0,1,0,15.5,Q,Mr,SMALL,45-49_male,NoPrefix,3,37037
1,3,"O'Driscoll, Miss. Bridget",female,36.0,0,0,7.75,Q,Miss,ALONE,35-39_female,NoPrefix,1,1431
0,3,"Samaan, Mr. Youssef",male,47.0,2,0,21.6792,C,Mr,SMALL,45-49_male,NoPrefix,2,266
0,3,"Arnold-Franchi, Mrs. Josef (Josefine Franchi)",female,18.0,1,0,17.8,S,Mrs,SMALL,15-19_female,NoPrefix,3,34923
0,3,"Panula, Master. Juha Niilo",male,7.0,4,1,39.6875,S,Master,MEDIUM,5-9_male,NoPrefix,3,310129
0,3,"Nosworthy, Mr. Richard Cater",male,21.0,0,0,7.8,S,Mr,ALONE,20-24_male,a4,3,3988
1,1,"Harper, Mrs. Henry Sleeper (Myna Haxtun)",female,49.0,1,0,76.7292,C,Mrs,SMALL,45-49_female,pc,1,1757
1,2,"Faunthorpe, Mrs. Lizzie (Elizabeth Anne Wilkinson)",female,29.0,1,0,26.0,S,Mrs,SMALL,25-29_female,NoPrefix,2,292
0,1,"Ostby, Mr. Engelhart Cornelius",male,65.0,0,1,61.9792,C,Mr,SMALL,60-64_male,NoPrefix,1,11350
1,1,"Woolner, Mr. Hugh",male,47.0,0,0,35.5,S,Mr,ALONE,45-49_male,NoPrefix,1,1994
1,2,"Rugg, Miss. Emily",female,21.0,0,0,10.5,S,Miss,ALONE,20-24_female,ca,3,3102
0,3,"Novel, Mr. Mansouer",male,28.0,0,0,7.2292,C,Mr,ALONE,25-29_male,NoPrefix,2,269
1,2,"West, Miss. Constance Mirium",female,5.0,1,2,27.75,S,Miss,SMALL,0-4_female,ca,3,3465
0,3,"Goodwin, Master. William Frederick",male,11.0,5,2,46.9,S,Master,LARGE,10-14_male,ca,2,214
0,3,"Sirayanian, Mr. Orsen",male,22.0,0,0,7.2292,C,Mr,ALONE,20-24_male,NoPrefix,2,266
0,1,"Harris, Mr. Henry Birkhardt",male,45.0,1,0,83.475,S,Mr,SMALL,40-44_male,NoPrefix,3,3697
0,3,"Skoog, Master. Harald",male,4.0,3,2,27.9,S,Master,MEDIUM,0-4_male,NoPrefix,3,34708
0,1,"Stewart, Mr. Albert A",male,47.0,0,0,27.7208,C,Mr,ALONE,45-49_male,pc,1,1760
1,3,"Moubarek, Master. Gerios",male,19.0,1,1,15.2458,C,Master,SMALL,15-19_male,NoPrefix,2,266
1,2,"Nye, Mrs. (Elizabeth Ramell)",female,29.0,0,0,10.5,S,Mrs,ALONE,25-29_female,ca,2,2939
0,3,"Crease, Mr. Ernest James",male,19.0,0,0,8.1583,S,Mr,ALONE,15-19_male,sp,3,346
1,3,"Andersson, Miss. Erna Alexandra",female,17.0,4,2,7.925,S,Miss,LARGE,15-19_female,NoPrefix,3,310128
0,3,"Kink, Mr. Vincenz",male,26.0,2,0,8.6625,S,Mr,SMALL,25-29_male,NoPrefix,3,31515
0,2,"Jenkin, Mr. Stephen Curnow",male,32.0,0,0,10.5,S,Mr,ALONE,30-34_male,ca,3,3311
0,3,"Goodwin, Miss. Lillian Amy",female,16.0,5,2,46.9,S,Miss,LARGE,15-19_female,ca,2,214
0,2,"Hood, Mr. Ambrose Jr",male,21.0,0,0,73.5,S,Mr,ALONE,20-24_male,soc,1,1487
0,3,"Chronopoulos, Mr. Apostolos",male,26.0,1,0,14.4542,C,Mr,SMALL,25-29_male,NoPrefix,2,268
1,3,"Bing, Mr. Lee",male,32.0,0,0,56.4958,S,Mr,ALONE,30-34_male,NoPrefix,1,160
0,3,"Moen, Mr. Sigurd Hansen",male,25.0,0,0,7.65,S,Mr,ALONE,20-24_male,NoPrefix,3,34812
0,3,"Staneff, Mr. Ivan",male,47.0,0,0,7.8958,S,Mr,ALONE,45-49_male,NoPrefix,3,34920
0,3,"Moutal, Mr. Rahamin Haim",male,47.0,0,0,8.05,S,Mr,ALONE,45-49_male,NoPrefix,3,37474
1,2,"Caldwell, Master. Alden Gates",male,1.0,0,2,29.0,S,Master,SMALL,0-4_male,NoPrefix,2,24873
1,3,"Dowdell, Miss. Elizabeth",female,30.0,0,0,12.475,S,Miss,ALONE,25-29_female,NoPrefix,3,36451
0,3,"Waelens, Mr. Achille",male,22.0,0,0,9.0,S,Mr,ALONE,20-24_male,NoPrefix,3,34576
1,3,"Sheerlinck, Mr. Jan Baptist",male,29.0,0,0,9.5,S,Mr,ALONE,25-29_male,NoPrefix,3,34577
1,3,"McDermott, Miss. Brigdet Delia",female,36.0,0,0,7.7875,Q,Miss,ALONE,35-39_female,NoPrefix,3,33093
0,1,"Carrau, Mr. Francisco M",male,28.0,0,0,47.1,S,Mr,ALONE,25-29_male,NoPrefix,1,11305
1,2,"Ilett, Miss. Bertha",female,17.0,0,0,10.5,S,Miss,ALONE,15-19_female,soc,1,1488
1,3,"Backstrom, Mrs. Karl Alfred (Maria Mathilda Gustafsson)",female,33.0,3,0,15.85,S,Mrs,SMALL,30-34_female,NoPrefix,3,310127
0,3,"Ford, Mr. William Neal",male,16.0,1,3,34.375,S,Mr,MEDIUM,15-19_male,wc,6,660
0,3,"Slocovski, Mr. Selman Francis",male,47.0,0,0,8.05,S,Mr,ALONE,45-49_male,sotonoq,3,39208
1,1,"Fortune, Miss. Mabel Helen",female,23.0,3,2,263.0,S,Miss,MEDIUM,20-24_female,NoPrefix,1,1995
0,3,"Celotti, Mr. Francesco",male,24.0,0,0,8.05,S,Mr,ALONE,20-24_male,NoPrefix,3,34327
0,3,"Christmann, Mr. Emil",male,29.0,0,0,8.05,S,Mr,ALONE,25-29_male,NoPrefix,3,34327
0,3,"Andreasson, Mr. Paul Edvin",male,20.0,0,0,7.8542,S,Mr,ALONE,15-19_male,NoPrefix,3,34746
0,1,"Chaffee, Mr. Herbert Fuller",male,46.0,1,0,61.175,S,Mr,SMALL,45-49_male,wep,5,573
0,3,"Dean, Mr. Bertram Frank",male,26.0,1,2,20.575,S,Mr,SMALL,25-29_male,ca,2,231
0,3,"Coxon, Mr. Daniel",male,59.0,0,0,7.25,S,Mr,ALONE,55-59_male,NoPrefix,3,36450
0,3,"Shorney, Mr. Charles Joseph",male,47.0,0,0,8.05,S,Mr,ALONE,45-49_male,NoPrefix,3,37491
0,1,"Goldschmidt, Mr. George B",male,71.0,0,0,34.6542,C,Mr,ALONE,70-74_male,pc,1,1775
1,1,"Greenfield, Mr. William Bertram",male,23.0,0,1,63.3583,C,Mr,SMALL,20-24_male,pc,1,1775
1,2,"Doling, Mrs. John T (Ada Julia Bone)",female,34.0,0,1,23.0,S,Mrs,SMALL,30-34_female,NoPrefix,2,23191
0,2,"Kantor, Mr. Sinai",male,34.0,1,0,26.0,S,Mr,SMALL,30-34_male,NoPrefix,2,24436
0,3,"Petranec, Miss. Matilda",female,28.0,0,0,7.8958,S,Miss,ALONE,25-29_female,NoPrefix,3,34924
0,3,"Petroff, Mr. Pastcho (""Pentcho"")",male,47.0,0,0,7.8958,S,Mr,ALONE,45-49_male,NoPrefix,3,34921
0,1,"White, Mr. Richard Frasar",male,21.0,0,1,77.2875,S,Mr,SMALL,20-24_male,NoPrefix,3,3528
0,3,"Johansson, Mr. Gustaf Joel",male,33.0,0,0,8.6542,S,Mr,ALONE,30-34_male,NoPrefix,7,754
0,3,"Gustafsson, Mr. Anders Vilhelm",male,37.0,2,0,7.925,S,Mr,SMALL,35-39_male,NoPrefix,3,310127
0,3,"Mionoff, Mr. Stoytcho",male,28.0,0,0,7.8958,S,Mr,ALONE,25-29_male,NoPrefix,3,34920
1,3,"Salkjelsvik, Miss. Anna Kristine",female,21.0,0,0,7.65,S,Miss,ALONE,20-24_female,NoPrefix,3,34312
1,3,"Moss, Mr. Albert Johan",male,47.0,0,0,7.775,S,Mr,ALONE,45-49_male,NoPrefix,3,31299
0,3,"Rekic, Mr. Tido",male,38.0,0,0,7.8958,S,Mr,ALONE,35-39_male,NoPrefix,3,34924
1,3,"Moran, Miss. Bertha",female,36.0,1,0,24.15,Q,Miss,SMALL,35-39_female,NoPrefix,3,37111
0,1,"Porter, Mr. Walter Chamberlain",male,47.0,0,0,52.0,S,Mr,ALONE,45-49_male,NoPrefix,1,11046
0,3,"Zabour, Miss. Hileni",female,14.0,1,0,14.4542,C,Miss,SMALL,10-14_female,NoPrefix,2,266
0,3,"Barton, Mr. David John",male,22.0,0,0,8.05,S,Mr,ALONE,20-24_male,NoPrefix,3,32466
0,3,"Jussila, Miss. Katriina",female,20.0,1,0,9.825,S,Miss,SMALL,15-19_female,NoPrefix,4,413
0,3,"Attalah, Miss. Malake",female,17.0,0,0,14.4583,C,Miss,ALONE,15-19_female,NoPrefix,2,262
0,3,"Pekoniemi, Mr. Edvard",male,21.0,0,0,7.925,S,Mr,ALONE,20-24_male,stono,3,310129
0,3,"Connors, Mr. Patrick",male,70.0,0,0,7.75,Q,Mr,ALONE,65-69_male,NoPrefix,3,37036
0,2,"Turpin, Mr. William John Robert",male,29.0,1,0,21.0,S,Mr,SMALL,25-29_male,NoPrefix,1,1166
0,1,"Baxter, Mr. Quigg Edmond",male,24.0,0,1,247.5208,C,Mr,SMALL,20-24_male,pc,1,1755
0,3,"Andersson, Miss. Ellis Anna Maria",female,2.0,4,2,31.275,S,Miss,LARGE,0-4_female,NoPrefix,3,34708
0,2,"Hickman, Mr. Stanley George",male,21.0,2,0,73.5,S,Mr,SMALL,20-24_male,soc,1,1487
0,3,"Moore, Mr. Leonard Charles",male,47.0,0,0,8.05,S,Mr,ALONE,45-49_male,a4,5,5451
0,2,"Nasser, Mr. Nicholas",male,32.0,1,0,30.0708,C,Mr,SMALL,30-34_male,NoPrefix,2,23773
1,2,"Webber, Miss. Susan",female,32.0,0,0,13.0,S,Miss,ALONE,30-34_female,NoPrefix,2,2726
0,1,"White, Mr. Percival Wayland",male,54.0,0,1,77.2875,S,Mr,SMALL,50-54_male,NoPrefix,3,3528
1,3,"Nicola-Yarred, Master. Elias",male,12.0,1,0,11.2417,C,Master,SMALL,10-14_male,NoPrefix,2,265
0,3,"McMahon, Mr. Martin",male,47.0,0,0,7.75,Q,Mr,ALONE,45-49_male,NoPrefix,3,37037
1,3,"Madsen, Mr. Fridtjof Arne",male,24.0,0,0,7.1417,S,Mr,ALONE,20-24_male,c,1,1736
1,3,"Peter, Miss. Anna",female,36.0,1,1,22.3583,C,Miss,SMALL,35-39_female,NoPrefix,2,266
0,3,"Ekstrom, Mr. Johan",male,45.0,0,0,6.975,S,Mr,ALONE,40-44_male,NoPrefix,3,34706
0,3,"Drazenoic, Mr. Jozef",male,33.0,0,0,7.8958,C,Mr,ALONE,30-34_male,NoPrefix,3,34924
0,3,"Coelho, Mr. Domingos Fernandeo",male,20.0,0,0,7.05,S,Mr,ALONE,15-19_male,sotonoq,3,310130
0,3,"Robins, Mrs. Alexander A (Grace Charity Laury)",female,47.0,1,0,14.5,S,Mrs,SMALL,45-49_female,a5,3,333
1,2,"Weisz, Mrs. Leopold (Mathilde Francoise Pede)",female,29.0,1,0,26.0,S,Mrs,SMALL,25-29_female,NoPrefix,2,22841
0,2,"Sobey, Mr. Samuel James Hayden",male,25.0,0,0,13.0,S,Mr,ALONE,20-24_male,ca,2,2917
0,2,"Richard, Mr. Emile",male,23.0,0,0,15.0458,C,Mr,ALONE,20-24_male,scparis,2,213
1,1,"Newsom, Miss. Helen Monypeny",female,19.0,0,2,26.2833,S,Miss,SMALL,15-19_female,NoPrefix,1,1175
0,1,"Futrelle, Mr. Jacques Heath",male,37.0,1,0,53.1,S,Mr,SMALL,35-39_male,NoPrefix,1,11380
0,3,"Osen, Mr. Olaf Elon",male,16.0,0,0,9.2167,S,Mr,ALONE,15-19_male,NoPrefix,7,753
0,1,"Giglio, Mr. Victor",male,24.0,0,0,79.2,C,Mr,ALONE,20-24_male,pc,1,1759
0,3,"Boulos, Mrs. Joseph (Sultana)",female,50.0,0,2,15.2458,C,Mrs,SMALL,45-49_female,NoPrefix,2,267
1,3,"Nysten, Miss. Anna Sofia",female,22.0,0,0,7.75,S,Miss,ALONE,20-24_female,NoPrefix,3,34708
1,3,"Hakkarainen, Mrs. Pekka Pietari (Elin Matilda Dolck)",female,24.0,1,0,15.85,S,Mrs,SMALL,20-24_female,stono2,3,310127
0,3,"Burke, Mr. Jeremiah",male,19.0,0,0,6.75,Q,Mr,ALONE,15-19_male,NoPrefix,3,36522
0,2,"Andrew, Mr. Edgardo Samuel",male,18.0,0,0,11.5,S,Mr,ALONE,15-19_male,NoPrefix,2,23194
0,2,"Nicholls, Mr. Joseph Charles",male,19.0,1,1,36.75,S,Mr,SMALL,15-19_male,ca,3,3311
1,3,"Andersson, Mr. August Edvard (""Wennerstrom"")",male,27.0,0,0,7.7958,S,Mr,ALONE,25-29_male,NoPrefix,3,35004
0,3,"Ford, Miss. Robina Maggie ""Ruby""",female,9.0,2,2,34.375,S,Miss,MEDIUM,5-9_female,wc,6,660
0,2,"Navratil, Mr. Michel (""Louis M Hoffman"")",male,36.0,0,2,26.0,S,Mr,SMALL,35-39_male,NoPrefix,2,23008
0,2,"Byles, Rev. Thomas Roussel Davids",male,42.0,0,0,13.0,S,Rev,ALONE,40-44_male,NoPrefix,2,24431
0,2,"Bateman, Rev. Robert James",male,51.0,0,0,12.525,S,Rev,ALONE,50-54_male,sop,1,116
1,1,"Pears, Mrs. Thomas (Edith Wearne)",female,22.0,1,0,66.6,S,Mrs,SMALL,20-24_female,NoPrefix,1,11377
0,3,"Meo, Mr. Alfonzo",male,56.0,0,0,8.05,S,Mr,ALONE,55-59_male,a5,1,1120
0,3,"van Billiard, Mr. Austin Blyler",male,40.0,0,2,14.5,S,Mr,SMALL,35-39_male,a5,8,85
0,3,"Olsen, Mr. Ole Martin",male,47.0,0,0,7.3125,S,Mr,ALONE,45-49_male,fa,2,26530
0,1,"Williams, Mr. Charles Duane",male,51.0,0,1,61.3792,C,Mr,SMALL,50-54_male,pc,1,1759
1,3,"Gilnagh, Miss. Katherine ""Katie""",female,16.0,0,0,7.7333,Q,Miss,ALONE,15-19_female,NoPrefix,3,3585
0,3,"Corn, Mr. Harry",male,30.0,0,0,8.05,S,Mr,ALONE,25-29_male,sotonoq,3,39209
0,3,"Smiljanic, Mr. Mile",male,47.0,0,0,8.6625,S,Mr,ALONE,45-49_male,NoPrefix,3,31503
0,3,"Sage, Master. Thomas Henry",male,19.0,8,2,69.55,S,Master,LARGE,15-19_male,ca,2,234
0,3,"Cribb, Mr. John Hatfield",male,44.0,0,1,16.1,S,Mr,SMALL,40-44_male,NoPrefix,3,37136
1,2,"Watt, Mrs. James (Elizabeth ""Bessie"" Inglis Milne)",female,40.0,0,0,15.75,S,Mrs,ALONE,35-39_female,ca,3,3359
0,3,"Bengtsson, Mr. John Viktor",male,26.0,0,0,7.775,S,Mr,ALONE,25-29_male,NoPrefix,3,34706
0,3,"Calic, Mr. Jovo",male,17.0,0,0,8.6625,S,Mr,ALONE,15-19_male,NoPrefix,3,31509
0,3,"Panula, Master. Eino Viljami",male,1.0,4,1,39.6875,S,Master,MEDIUM,0-4_male,NoPrefix,3,310129
1,3,"Goldsmith, Master. Frank John William ""Frankie""",male,9.0,0,2,20.525,S,Master,SMALL,5-9_male,NoPrefix,3,36329
1,1,"Chibnall, Mrs. (Edith Martha Bowerman)",female,50.0,0,1,55.0,S,Mrs,SMALL,45-49_female,NoPrefix,1,11350
0,3,"Skoog, Mrs. William (Anna Bernhardina Karlsson)",female,45.0,1,4,27.9,S,Mrs,MEDIUM,40-44_female,NoPrefix,3,34708
0,1,"Baumann, Mr. John D",male,47.0,0,0,25.925,S,Mr,ALONE,45-49_male,pc,1,1731
0,3,"Ling, Mr. Lee",male,28.0,0,0,56.4958,S,Mr,ALONE,25-29_male,NoPrefix,1,160
0,1,"Van der hoef, Mr. Wyckoff",male,61.0,0,0,33.5,S,Mr,ALONE,60-64_male,NoPrefix,1,11124
0,3,"Rice, Master. Arthur",male,4.0,4,1,29.125,Q,Master,MEDIUM,0-4_male,NoPrefix,3,38265
1,3,"Johnson, Miss. Eleanor Ileen",female,1.0,1,1,11.1333,S,Miss,SMALL,0-4_female,NoPrefix,3,34774
0,3,"Sivola, Mr. Antti Wilhelm",male,21.0,0,0,7.925,S,Mr,ALONE,20-24_male,stono,3,310128
0,1,"Smith, Mr. James Clinch",male,56.0,0,0,30.6958,C,Mr,ALONE,55-59_male,NoPrefix,1,1776
0,3,"Klasen, Mr. Klas Albin",male,18.0,1,1,7.8542,S,Mr,SMALL,15-19_male,NoPrefix,3,35040
0,3,"Lefebre, Master. Henry Forbes",male,19.0,3,1,25.4667,S,Master,MEDIUM,15-19_male,NoPrefix,4,413
0,1,"Isham, Miss. Ann Elizabeth",female,50.0,0,0,28.7125,C,Miss,ALONE,45-49_female,pc,1,1759
0,2,"Hale, Mr. Reginald",male,30.0,0,0,13.0,S,Mr,ALONE,25-29_male,NoPrefix,2,25065
0,3,"Leonard, Mr. Lionel",male,36.0,0,0,0.0,S,Mr,ALONE,35-39_male,line,0,0
0,3,"Sage, Miss. Constance Gladys",female,36.0,8,2,69.55,S,Miss,LARGE,35-39_female,ca,2,234
0,2,"Pernot, Mr. Rene",male,47.0,0,0,15.05,C,Mr,ALONE,45-49_male,scparis,2,213
0,3,"Asplund, Master. Clarence Gustaf Hugo",male,9.0,4,2,31.3875,S,Master,LARGE,5-9_male,NoPrefix,3,34707
1,2,"Becker, Master. Richard F",male,1.0,2,1,39.0,S,Master,SMALL,0-4_male,NoPrefix,2,23013
1,3,"Kink-Heilmann, Miss. Luise Gretchen",female,4.0,0,2,22.025,S,Miss,SMALL,0-4_female,NoPrefix,3,31515
0,1,"Rood, Mr. Hugh Roscoe",male,47.0,0,0,50.0,S,Mr,ALONE,45-49_male,NoPrefix,1,11376
1,3,"O'Brien, Mrs. Thomas (Johanna ""Hannah"" Godfrey)",female,50.0,1,0,15.5,Q,Mrs,SMALL,45-49_female,NoPrefix,3,37036
1,1,"Romaine, Mr. Charles Hallace (""Mr C Rolmane"")",male,45.0,0,0,26.55,S,Mr,ALONE,40-44_male,NoPrefix,1,11142
0,3,"Bourke, Mr. John",male,40.0,1,1,15.5,Q,Mr,SMALL,35-39_male,NoPrefix,3,36484
0,3,"Turcin, Mr. Stjepan",male,36.0,0,0,7.8958,S,Mr,ALONE,35-39_male,NoPrefix,3,34924
1,2,"Pinsky, Mrs. (Rosa)",female,32.0,0,0,13.0,S,Mrs,ALONE,30-34_female,NoPrefix,2,23460
0,2,"Carbines, Mr. William",male,19.0,0,0,13.0,S,Mr,ALONE,15-19_male,NoPrefix,2,2842
1,3,"Andersen-Jensen, Miss. Carla Christine Nielsine",female,19.0,1,0,7.8542,S,Miss,SMALL,15-19_female,NoPrefix,3,35004
1,2,"Navratil, Master. Michel M",male,3.0,1,1,26.0,S,Master,SMALL,0-4_male,NoPrefix,2,23008
1,1,"Brown, Mrs. James Joseph (Margaret Tobin)",female,44.0,0,0,27.7208,C,Mrs,ALONE,40-44_female,pc,1,1761
1,1,"Lurette, Miss. Elise",female,58.0,0,0,146.5208,C,Miss,ALONE,55-59_female,pc,1,1756
0,3,"Mernagh, Mr. Robert",male,47.0,0,0,7.75,Q,Mr,ALONE,45-49_male,NoPrefix,3,36870
0,3,"Olsen, Mr. Karl Siegwart Andreas",male,42.0,0,1,8.4042,S,Mr,SMALL,40-44_male,NoPrefix,4,457
1,3,"Madigan, Miss. Margaret ""Maggie""",female,36.0,0,0,7.75,Q,Miss,ALONE,35-39_female,NoPrefix,3,37037
0,2,"Yrois, Miss. Henriette (""Mrs Harbeck"")",female,24.0,0,0,13.0,S,Miss,ALONE,20-24_female,NoPrefix,2,24874
0,3,"Vande Walle, Mr. Nestor Cyriel",male,28.0,0,0,9.5,S,Mr,ALONE,25-29_male,NoPrefix,3,34577
0,3,"Sage, Mr. Frederick",male,47.0,8,2,69.55,S,Mr,LARGE,45-49_male,ca,2,234
0,3,"Johanson, Mr. Jakob Alfred",male,34.0,0,0,6.4958,S,Mr,ALONE,30-34_male,NoPrefix,3,310126
0,3,"Youseff, Mr. Gerious",male,46.0,0,0,7.225,C,Mr,ALONE,45-49_male,NoPrefix,2,262
1,3,"Cohen, Mr. Gurshon ""Gus""",male,18.0,0,0,8.05,S,Mr,ALONE,15-19_male,a5,3,354
0,3,"Strom, Miss. Telma Matilda",female,2.0,0,1,10.4625,S,Miss,SMALL,0-4_female,NoPrefix,3,34705
0,3,"Backstrom, Mr. Karl Alfred",male,32.0,1,0,15.85,S,Mr,SMALL,30-34_male,NoPrefix,3,310127
1,3,"Albimona, Mr. Nassef Cassem",male,26.0,0,0,18.7875,C,Mr,ALONE,25-29_male,NoPrefix,2,269
1,3,"Carr, Miss. Helen ""Ellen""",female,16.0,0,0,7.75,Q,Miss,ALONE,15-19_female,NoPrefix,3,36723
1,1,"Blank, Mr. Henry",male,40.0,0,0,31.0,C,Mr,ALONE,35-39_male,NoPrefix,1,11227
0,3,"Ali, Mr. Ahmed",male,24.0,0,0,7.05,S,Mr,ALONE,20-24_male,sotonoq,3,310131
1,2,"Cameron, Miss. Clear Annie",female,35.0,0,0,21.0,S,Miss,ALONE,30-34_female,fcc,1,1352
0,3,"Perkin, Mr. John Henry",male,22.0,0,0,7.25,S,Mr,ALONE,20-24_male,a5,2,2117
0,2,"Givard, Mr. Hans Kristensen",male,30.0,0,0,13.0,S,Mr,ALONE,25-29_male,NoPrefix,2,25064
0,3,"Kiernan, Mr. Philip",male,47.0,1,0,7.75,Q,Mr,SMALL,45-49_male,NoPrefix,3,36722
1,1,"Newell, Miss. Madeleine",female,31.0,1,0,113.275,C,Miss,SMALL,30-34_female,NoPrefix,3,3527
1,3,"Honkanen, Miss. Eliina",female,27.0,0,0,7.925,S,Miss,ALONE,25-29_female,stono2,3,310128
0,2,"Jacobsohn, Mr. Sidney Samuel",male,42.0,1,0,27.0,S,Mr,SMALL,40-44_male,NoPrefix,2,24384
1,1,"Bazzani, Miss. Albina",female,32.0,0,0,76.2917,C,Miss,ALONE,30-34_female,NoPrefix,1,1181
0,2,"Harris, Mr. Walter",male,30.0,0,0,10.5,S,Mr,ALONE,25-29_male,wc,1,1420
1,3,"Sunderland, Mr. Victor Francis",male,16.0,0,0,8.05,S,Mr,ALONE,15-19_male,sotonoq,3,39208
0,2,"Bracken, Mr. James H",male,27.0,0,0,13.0,S,Mr,ALONE,25-29_male,NoPrefix,2,22036
0,3,"Green, Mr. George Henry",male,51.0,0,0,8.05,S,Mr,ALONE,50-54_male,NoPrefix,2,2144
0,3,"Nenkoff, Mr. Christo",male,47.0,0,0,7.8958,S,Mr,ALONE,45-49_male,NoPrefix,3,34923
1,1,"Hoyt, Mr. Frederick Maxfield",male,38.0,1,0,90.0,S,Mr,SMALL,35-39_male,NoPrefix,1,1994
0,3,"Berglund, Mr. Karl Ivar Sven",male,22.0,0,0,9.35,S,Mr,ALONE,20-24_male,pp,4,434
1,2,"Mellors, Mr. William John",male,19.0,0,0,10.5,S,Mr,ALONE,15-19_male,swpp,7,75
0,3,"Lovell, Mr. John Hall (""Henry"")",male,20.0,0,0,7.25,S,Mr,ALONE,15-19_male,a5,2,2117
0,2,"Fahlstrom, Mr. Arne Jonas",male,18.0,0,0,13.0,S,Mr,ALONE,15-19_male,NoPrefix,2,23617
0,3,"Lefebre, Miss. Mathilde",female,36.0,3,1,25.4667,S,Miss,MEDIUM,35-39_female,NoPrefix,4,413
1,1,"Harris, Mrs. Henry Birkhardt (Irene Wallach)",female,35.0,1,0,83.475,S,Mrs,SMALL,30-34_female,NoPrefix,3,3697
0,3,"Larsson, Mr. Bengt Edvin",male,29.0,0,0,7.775,S,Mr,ALONE,25-29_male,NoPrefix,3,34706
0,2,"Sjostedt, Mr. Ernst Adolf",male,59.0,0,0,13.5,S,Mr,ALONE,55-59_male,NoPrefix,2,23744
1,3,"Asplund, Miss. Lillian Gertrud",female,5.0,4,2,31.3875,S,Miss,LARGE,0-4_female,NoPrefix,3,34707
0,2,"Leyson, Mr. Robert William Norman",male,24.0,0,0,10.5,S,Mr,ALONE,20-24_male,ca,2,2956
0,3,"Harknett, Miss. Alice Phoebe",female,36.0,0,0,7.55,S,Miss,ALONE,35-39_female,wc,6,660
0,2,"Hold, Mr. Stephen",male,44.0,1,0,26.0,S,Mr,SMALL,40-44_male,NoPrefix,2,2670
1,2,"Collyer, Miss. Marjorie ""Lottie""",female,8.0,0,2,26.25,S,Miss,SMALL,5-9_female,ca,3,3192
0,2,"Pengelly, Mr. Frederick William",male,19.0,0,0,10.5,S,Mr,ALONE,15-19_male,NoPrefix,2,2866
0,2,"Hunt, Mr. George Henry",male,33.0,0,0,12.275,S,Mr,ALONE,30-34_male,scow,1,158
0,3,"Zabour, Miss. Thamine",female,36.0,1,0,14.4542,C,Miss,SMALL,35-39_female,NoPrefix,2,266
1,3,"Murphy, Miss. Katherine ""Kate""",female,36.0,1,0,15.5,Q,Miss,SMALL,35-39_female,NoPrefix,3,36723
0,2,"Coleridge, Mr. Reginald Charles",male,29.0,0,0,10.5,S,Mr,ALONE,25-29_male,wc,1,1426
0,3,"Maenpaa, Mr. Matti Alexanteri",male,22.0,0,0,7.125,S,Mr,ALONE,20-24_male,stono,3,310127
0,3,"Attalah, Mr. Sleiman",male,30.0,0,0,7.225,C,Mr,ALONE,25-29_male,NoPrefix,2,269
0,1,"Minahan, Dr. William Edward",male,44.0,2,0,90.0,Q,Dr,SMALL,40-44_male,NoPrefix,1,1992
0,3,"Lindahl, Miss. Agda Thorilda Viktoria",female,25.0,0,0,7.775,S,Miss,ALONE,20-24_female,NoPrefix,3,34707
1,2,"Hamalainen, Mrs. William (Anna)",female,24.0,0,2,14.5,S,Mrs,SMALL,20-24_female,NoPrefix,2,25064
1,1,"Beckwith, Mr. Richard Leonard",male,37.0,1,1,52.5542,S,Mr,SMALL,35-39_male,NoPrefix,1,1175
0,2,"Carter, Rev. Ernest Courtenay",male,54.0,1,0,26.0,S,Rev,SMALL,50-54_male,NoPrefix,2,24425
0,3,"Reed, Mr. James George",male,47.0,0,0,7.25,S,Mr,ALONE,45-49_male,NoPrefix,3,36231
0,3,"Strom, Mrs. Wilhelm (Elna Matilda Persson)",female,29.0,1,1,10.4625,S,Mrs,SMALL,25-29_female,NoPrefix,3,34705
0,1,"Stead, Mr. William Thomas",male,62.0,0,0,26.55,S,Mr,ALONE,60-64_male,NoPrefix,1,11351
0,3,"Lobb, Mr. William Arthur",male,30.0,1,0,16.1,S,Mr,SMALL,25-29_male,a5,3,333
0,3,"Rosblom, Mrs. Viktor (Helena Wilhelmina)",female,41.0,0,2,20.2125,S,Mrs,SMALL,40-44_female,NoPrefix,3,37012
1,3,"Touma, Mrs. Darwis (Hanne Youssef Razi)",female,29.0,0,2,15.2458,C,Mrs,SMALL,25-29_female,NoPrefix,2,265
1,1,"Thorne, Mrs. Gertrude Maybelle",female,50.0,0,0,79.2,C,Mrs,ALONE,45-49_female,pc,1,1758
1,1,"Cherry, Miss. Gladys",female,30.0,0,0,86.5,S,Miss,ALONE,25-29_female,NoPrefix,1,11015
1,1,"Ward, Miss. Anna",female,35.0,0,0,512.3292,C,Miss,ALONE,30-34_female,pc,1,1775
1,2,"Parrish, Mrs. (Lutie Davis)",female,50.0,0,1,26.0,S,Mrs,SMALL,45-49_female,NoPrefix,2,23043
0,3,"Smith, Mr. Thomas",male,47.0,0,0,7.75,Q,Mr,ALONE,45-49_male,NoPrefix,3,38446
1,3,"Asplund, Master. Edvin Rojj Felix",male,3.0,4,2,31.3875,S,Master,LARGE,0-4_male,NoPrefix,3,34707
0,1,"Taussig, Mr. Emil",male,52.0,1,1,79.65,S,Mr,SMALL,50-54_male,NoPrefix,1,11041
0,1,"Harrison, Mr. William",male,40.0,0,0,0.0,S,Mr,ALONE,35-39_male,NoPrefix,1,11205
0,3,"Henry, Miss. Delia",female,36.0,0,0,7.75,Q,Miss,ALONE,35-39_female,NoPrefix,3,38264
0,2,"Reeves, Mr. David",male,36.0,0,0,10.5,S,Mr,ALONE,35-39_male,ca,1,1724
0,3,"Panula, Mr. Ernesti Arvid",male,16.0,4,1,39.6875,S,Mr,MEDIUM,15-19_male,NoPrefix,3,310129
1,3,"Persson, Mr. Ernst Ulrik",male,25.0,1,0,7.775,S,Mr,SMALL,20-24_male,NoPrefix,3,34708
1,1,"Graham, Mrs. William Thompson (Edith Junkins)",female,58.0,0,1,153.4625,S,Mrs,SMALL,55-59_female,pc,1,1758
1,1,"Bissette, Miss. Amelia",female,35.0,0,0,135.6333,S,Miss,ALONE,30-34_female,pc,1,1776
0,1,"Cairns, Mr. Alexander",male,47.0,0,0,31.0,S,Mr,ALONE,45-49_male,NoPrefix,1,11379
1,3,"Tornquist, Mr. William Henry",male,25.0,0,0,0.0,S,Mr,ALONE,20-24_male,line,0,0
1,2,"Mellinger, Mrs. (Elizabeth Anne Maidment)",female,41.0,0,1,19.5,S,Mrs,SMALL,40-44_female,NoPrefix,2,25064
0,1,"Natsch, Mr. Charles H",male,37.0,0,1,29.7,C,Mr,SMALL,35-39_male,pc,1,1759
1,3,"Healy, Miss. Hanora ""Nora""",female,36.0,0,0,7.75,Q,Miss,ALONE,35-39_female,NoPrefix,3,37037
1,1,"Andrews, Miss. Kornelia Theodosia",female,63.0,1,0,77.9583,S,Miss,SMALL,60-64_female,NoPrefix,1,1350
0,3,"Lindblom, Miss. Augusta Charlotta",female,45.0,0,0,7.75,S,Miss,ALONE,40-44_female,NoPrefix,3,34707
0,2,"Parkes, Mr. Francis ""Frank""",male,47.0,0,0,0.0,S,Mr,ALONE,45-49_male,NoPrefix,2,23985
0,3,"Rice, Master. Eric",male,7.0,4,1,29.125,Q,Master,MEDIUM,5-9_male,NoPrefix,3,38265
1,3,"Abbott, Mrs. Stanton (Rosa Hunt)",female,35.0,1,1,20.25,S,Mrs,SMALL,30-34_female,ca,2,267
0,3,"Duane, Mr. Frank",male,65.0,0,0,7.75,Q,Mr,ALONE,60-64_male,NoPrefix,3,33643
0,3,"Olsson, Mr. Nils Johan Goransson",male,28.0,0,0,7.8542,S,Mr,ALONE,25-29_male,NoPrefix,3,34746
0,3,"de Pelsmaeker, Mr. Alfons",male,16.0,0,0,9.5,S,Mr,ALONE,15-19_male,NoPrefix,3,34577
1,3,"Dorking, Mr. Edward Arthur",male,19.0,0,0,8.05,S,Mr,ALONE,15-19_male,a5,1,1048
0,1,"Smith, Mr. Richard William",male,47.0,0,0,26.0,S,Mr,ALONE,45-49_male,NoPrefix,1,11305
0,3,"Stankovic, Mr. Ivan",male,33.0,0,0,8.6625,C,Mr,ALONE,30-34_male,NoPrefix,3,34923
1,3,"de Mulder, Mr. Theodore",male,30.0,0,0,9.5,S,Mr,ALONE,25-29_male,NoPrefix,3,34577
0,3,"Naidenoff, Mr. Penko",male,22.0,0,0,7.8958,S,Mr,ALONE,20-24_male,NoPrefix,3,34920
1,2,"Hosono, Mr. Masabumi",male,42.0,0,0,13.0,S,Mr,ALONE,40-44_male,NoPrefix,2,23779
1,3,"Connolly, Miss. Kate",female,22.0,0,0,7.75,Q,Miss,ALONE,20-24_female,NoPrefix,3,37037
1,1,"Barber, Miss. Ellen ""Nellie""",female,26.0,0,0,78.85,S,Miss,ALONE,25-29_female,NoPrefix,1,1987
1,1,"Bishop, Mrs. Dickinson H (Helen Walton)",female,19.0,1,0,91.0792,C,Mrs,SMALL,15-19_female,NoPrefix,1,1196
0,2,"Levy, Mr. Rene Jacques",male,36.0,0,0,12.875,C,Mr,ALONE,35-39_male,scparis,2,216
0,3,"Haas, Miss. Aloisia",female,24.0,0,0,8.85,S,Miss,ALONE,20-24_female,NoPrefix,3,34923
0,3,"Mineff, Mr. Ivan",male,24.0,0,0,7.8958,S,Mr,ALONE,20-24_male,NoPrefix,3,34923
0,1,"Lewy, Mr. Ervin G",male,47.0,0,0,27.7208,C,Mr,ALONE,45-49_male,pc,1,1761
0,3,"Hanna, Mr. Mansour",male,24.0,0,0,7.2292,C,Mr,ALONE,20-24_male,NoPrefix,2,269
0,1,"Allison, Miss. Helen Loraine",female,2.0,1,2,151.55,S,Miss,SMALL,0-4_female,NoPrefix,1,11378
1,1,"Saalfeld, Mr. Adolphe",male,47.0,0,0,30.5,S,Mr,ALONE,45-49_male,NoPrefix,1,1998
1,1,"Baxter, Mrs. James (Helene DeLaudeniere Chaput)",female,50.0,0,1,247.5208,C,Mrs,SMALL,45-49_female,pc,1,1755
1,3,"Kelly, Miss. Anna Katherine ""Annie Kate""",female,36.0,0,0,7.75,Q,Miss,ALONE,35-39_female,NoPrefix,9,923
1,3,"McCoy, Mr. Bernard",male,47.0,2,0,23.25,Q,Mr,SMALL,45-49_male,NoPrefix,3,36722
0,3,"Johnson, Mr. William Cahoone Jr",male,19.0,0,0,0.0,S,Mr,ALONE,15-19_male,line,0,0
1,2,"Keane, Miss. Nora A",female,36.0,0,0,12.35,Q,Miss,ALONE,35-39_female,NoPrefix,2,22659
0,3,"Williams, Mr. Howard Hugh ""Harry""",male,47.0,0,0,8.05,S,Mr,ALONE,45-49_male,a5,2,246
1,1,"Allison, Master. Hudson Trevor",male,1.0,1,2,151.55,S,Master,SMALL,0-4_male,NoPrefix,1,11378
1,1,"Fleming, Miss. Margaret",female,36.0,0,0,110.8833,C,Miss,ALONE,35-39_female,NoPrefix,1,1742
1,1,"Penasco y Castellana, Mrs. Victor de Satode (Maria Josefa Perez de Soto y Vallejo)",female,17.0,1,0,108.9,C,Mrs,SMALL,15-19_female,pc,1,1775
0,2,"Abelson, Mr. Samuel",male,30.0,1,0,24.0,C,Mr,SMALL,25-29_male,ppp,3,338
1,1,"Francatelli, Miss. Laura Mabel",female,30.0,0,0,56.9292,C,Miss,ALONE,25-29_female,pc,1,1748
1,1,"Hays, Miss. Margaret Bechstein",female,24.0,0,0,83.1583,C,Miss,ALONE,20-24_female,NoPrefix,1,1176
1,1,"Ryerson, Miss. Emily Borie",female,18.0,2,2,262.375,C,Miss,MEDIUM,15-19_female,pc,1,1760
0,2,"Lahtinen, Mrs. William (Anna Sylfven)",female,26.0,1,1,26.0,S,Mrs,SMALL,25-29_female,NoPrefix,2,25065
0,3,"Hendekovic, Mr. Ignjac",male,28.0,0,0,7.8958,S,Mr,ALONE,25-29_male,NoPrefix,3,34924
0,2,"Hart, Mr. Benjamin",male,43.0,1,1,26.25,S,Mr,SMALL,40-44_male,fcc,1,1352
1,3,"Nilsson, Miss. Helmina Josefina",female,26.0,0,0,7.8542,S,Miss,ALONE,25-29_female,NoPrefix,3,34747
1,2,"Kantor, Mrs. Sinai (Miriam Sternin)",female,24.0,1,0,26.0,S,Mrs,SMALL,20-24_female,NoPrefix,2,24436
0,2,"Moraweck, Dr. Ernest",male,54.0,0,0,14.0,S,Dr,ALONE,50-54_male,NoPrefix,2,2901
1,1,"Wick, Miss. Mary Natalie",female,31.0,0,2,164.8667,S,Miss,SMALL,30-34_female,NoPrefix,3,3692
1,1,"Spedden, Mrs. Frederic Oakley (Margaretta Corning Stone)",female,40.0,1,1,134.5,C,Mrs,SMALL,35-39_female,NoPrefix,1,1696
0,3,"Dennis, Mr. Samuel",male,22.0,0,0,7.25,S,Mr,ALONE,20-24_male,a5,2,2117
0,3,"Danoff, Mr. Yoto",male,27.0,0,0,7.8958,S,Mr,ALONE,25-29_male,NoPrefix,3,34921
1,2,"Slayter, Miss. Hilda Mary",female,30.0,0,0,12.35,Q,Miss,ALONE,25-29_female,NoPrefix,2,23481
1,2,"Caldwell, Mrs. Albert Francis (Sylvia Mae Harbaugh)",female,22.0,1,1,29.0,S,Mrs,SMALL,20-24_female,NoPrefix,2,24873
0,3,"Sage, Mr. George John Jr",male,47.0,8,2,69.55,S,Mr,LARGE,45-49_male,ca,2,234
1,1,"Young, Miss. Marie Grice",female,36.0,0,0,135.6333,C,Miss,ALONE,35-39_female,pc,1,1776
0,3,"Nysveen, Mr. Johan Hansen",male,61.0,0,0,6.2375,S,Mr,ALONE,60-64_male,NoPrefix,3,34536
1,2,"Ball, Mrs. (Ada E Hall)",female,36.0,0,0,13.0,S,Mrs,ALONE,35-39_female,NoPrefix,2,2855
1,3,"Goldsmith, Mrs. Frank John (Emily Alice Brown)",female,31.0,1,1,20.525,S,Mrs,SMALL,30-34_female,NoPrefix,3,36329
1,1,"Hippach, Miss. Jean Gertrude",female,16.0,0,1,57.9792,C,Miss,SMALL,15-19_female,NoPrefix,1,11136
1,3,"McCoy, Miss. Agnes",female,36.0,2,0,23.25,Q,Miss,SMALL,35-39_female,NoPrefix,3,36722
0,1,"Partner, Mr. Austen",male,46.0,0,0,28.5,S,Mr,ALONE,45-49_male,NoPrefix,1,11304
0,1,"Graham, Mr. George Edward",male,38.0,0,1,153.4625,S,Mr,SMALL,35-39_male,pc,1,1758
0,3,"Vander Planke, Mr. Leo Edmondus",male,16.0,2,0,18.0,S,Mr,SMALL,15-19_male,NoPrefix,3,34576
1,1,"Frauenthal, Mrs. Henry William (Clara Heinsheimer)",female,50.0,1,0,133.65,S,Mrs,SMALL,45-49_female,pc,1,1761
0,3,"Denkoff, Mr. Mitto",male,47.0,0,0,7.8958,S,Mr,ALONE,45-49_male,NoPrefix,3,34922
0,1,"Pears, Mr. Thomas Clinton",male,29.0,1,0,66.6,S,Mr,SMALL,25-29_male,NoPrefix,1,11377
1,1,"Burns, Miss. Elizabeth Margaret",female,41.0,0,0,134.5,C,Miss,ALONE,40-44_female,NoPrefix,1,1696
1,3,"Dahl, Mr. Karl Edwart",male,45.0,0,0,8.05,S,Mr,ALONE,40-44_male,NoPrefix,7,759
0,1,"Blackwell, Mr. Stephen Weart",male,45.0,0,0,35.5,S,Mr,ALONE,40-44_male,NoPrefix,1,11378
1,2,"Navratil, Master. Edmond Roger",male,2.0,1,1,26.0,S,Master,SMALL,0-4_male,NoPrefix,2,23008
1,1,"Fortune, Miss. Alice Elizabeth",female,24.0,3,2,263.0,S,Miss,MEDIUM,20-24_female,NoPrefix,1,1995
0,2,"Collander, Mr. Erik Gustaf",male,28.0,0,0,13.0,S,Mr,ALONE,25-29_male,NoPrefix,2,24874
0,2,"Sedgwick, Mr. Charles Frederick Waddington",male,25.0,0,0,13.0,S,Mr,ALONE,20-24_male,NoPrefix,2,24436
0,2,"Fox, Mr. Stanley Hubert",male,36.0,0,0,13.0,S,Mr,ALONE,35-39_male,NoPrefix,2,22923
1,2,"Brown, Miss. Amelia ""Mildred""",female,24.0,0,0,13.0,S,Miss,ALONE,20-24_female,NoPrefix,2,24873
1,2,"Smith, Miss. Marion Elsie",female,40.0,0,0,13.0,S,Miss,ALONE,35-39_female,NoPrefix,3,3141
1,3,"Davison, Mrs. Thomas Henry (Mary E Finck)",female,50.0,1,0,16.1,S,Mrs,SMALL,45-49_female,NoPrefix,3,38652
1,3,"Coutts, Master. William Loch ""William""",male,3.0,1,1,15.9,S,Master,SMALL,0-4_male,ca,3,3767
0,3,"Dimic, Mr. Jovan",male,42.0,0,0,8.6625,S,Mr,ALONE,40-44_male,NoPrefix,3,31508
0,3,"Odahl, Mr. Nils Martin",male,23.0,0,0,9.225,S,Mr,ALONE,20-24_male,NoPrefix,7,726
0,1,"Williams-Lambert, Mr. Fletcher Fellows",male,47.0,0,0,35.0,S,Mr,ALONE,45-49_male,NoPrefix,1,11351
0,3,"Elias, Mr. Tannous",male,15.0,1,1,7.2292,C,Mr,SMALL,10-14_male,NoPrefix,2,269
0,3,"Arnold-Franchi, Mr. Josef",male,25.0,1,0,17.8,S,Mr,SMALL,20-24_male,NoPrefix,3,34923
0,3,"Yousif, Mr. Wazli",male,47.0,0,0,7.225,C,Mr,ALONE,45-49_male,NoPrefix,2,264
0,3,"Vanden Steen, Mr. Leo Peter",male,28.0,0,0,9.5,S,Mr,ALONE,25-29_male,NoPrefix,3,34578
1,1,"Bowerman, Miss. Elsie Edith",female,22.0,0,1,55.0,S,Miss,SMALL,20-24_female,NoPrefix,1,11350
0,2,"Funk, Miss. Annie Clemmer",female,38.0,0,0,13.0,S,Miss,ALONE,35-39_female,NoPrefix,2,23767
1,3,"McGovern, Miss. Mary",female,36.0,0,0,7.8792,Q,Miss,ALONE,35-39_female,NoPrefix,3,33093
1,3,"Mockler, Miss. Helen Mary ""Ellie""",female,36.0,0,0,7.8792,Q,Miss,ALONE,35-39_female,NoPrefix,3,33098
0,3,"Skoog, Mr. Wilhelm",male,40.0,1,4,27.9,S,Mr,MEDIUM,35-39_male,NoPrefix,3,34708
0,2,"del Carlo, Mr. Sebastiano",male,29.0,1,0,27.7208,C,Mr,SMALL,25-29_male,scparis,2,216
0,3,"Barbara, Mrs. (Catherine David)",female,45.0,0,1,14.4542,C,Mrs,SMALL,40-44_female,NoPrefix,2,269
0,3,"Asim, Mr. Adola",male,35.0,0,0,7.05,S,Mr,ALONE,30-34_male,sotonoq,3,310131
0,3,"O'Brien, Mr. Thomas",male,47.0,1,0,15.5,Q,Mr,SMALL,45-49_male,NoPrefix,3,37036
0,3,"Adahl, Mr. Mauritz Nils Martin",male,30.0,0,0,7.25,S,Mr,ALONE,25-29_male,c,7,707
1,1,"Warren, Mrs. Frank Manley (Anna Sophia Atkinson)",female,60.0,1,0,75.25,C,Mrs,SMALL,55-59_female,NoPrefix,1,11081
1,3,"Moussa, Mrs. (Mantoura Boulos)",female,50.0,0,0,7.2292,C,Mrs,ALONE,45-49_female,NoPrefix,2,262
1,3,"Jermyn, Miss. Annie",female,36.0,0,0,7.75,Q,Miss,ALONE,35-39_female,NoPrefix,1,1431
1,1,"Aubart, Mme. Leontine Pauline",female,24.0,0,0,69.3,C,Mme,ALONE,20-24_female,pc,1,1747
1,1,"Harder, Mr. George Achilles",male,25.0,1,0,55.4417,C,Mr,SMALL,20-24_male,NoPrefix,1,1176
0,3,"Wiklund, Mr. Jakob Alfred",male,18.0,1,0,6.4958,S,Mr,SMALL,15-19_male,NoPrefix,3,310126
0,3,"Beavan, Mr. William Thomas",male,19.0,0,0,8.05,S,Mr,ALONE,15-19_male,NoPrefix,3,32395
0,1,"Ringhini, Mr. Sante",male,22.0,0,0,135.6333,C,Mr,ALONE,20-24_male,pc,1,1776
0,3,"Palsson, Miss. Stina Viola",female,3.0,3,1,21.075,S,Miss,MEDIUM,0-4_female,NoPrefix,3,34990
1,1,"Meyer, Mrs. Edgar Joseph (Leila Saks)",female,50.0,1,0,82.1708,C,Mrs,SMALL,45-49_female,pc,1,1760
1,3,"Landergren, Miss. Aurora Adelia",female,22.0,0,0,7.25,S,Miss,ALONE,20-24_female,c,7,707
0,1,"Widener, Mr. Harry Elkins",male,27.0,0,2,211.5,C,Mr,SMALL,25-29_male,NoPrefix,1,11350
0,3,"Betros, Mr. Tannous",male,20.0,0,0,4.0125,C,Mr,ALONE,15-19_male,NoPrefix,2,264
0,3,"Gustafsson, Mr. Karl Gideon",male,19.0,0,0,7.775,S,Mr,ALONE,15-19_male,NoPrefix,3,34706
1,1,"Bidois, Miss. Rosalie",female,42.0,0,0,227.525,C,Miss,ALONE,40-44_female,pc,1,1775
1,3,"Nakid, Miss. Maria (""Mary"")",female,1.0,0,2,15.7417,C,Miss,SMALL,0-4_female,NoPrefix,2,265
0,3,"Tikkanen, Mr. Juho",male,32.0,0,0,7.925,S,Mr,ALONE,30-34_male,stono,3,310129
1,1,"Holverson, Mrs. Alexander Oskar (Mary Aline Towner)",female,35.0,1,0,52.0,S,Mrs,SMALL,30-34_female,NoPrefix,1,11378
0,3,"Plotcharsky, Mr. Vasil",male,47.0,0,0,7.8958,S,Mr,ALONE,45-49_male,NoPrefix,3,34922
0,2,"Davies, Mr. Charles Henry",male,18.0,0,0,73.5,S,Mr,ALONE,15-19_male,soc,1,1487
0,3,"Goodwin, Master. Sidney Leonard",male,1.0,5,2,46.9,S,Master,LARGE,0-4_male,ca,2,214
1,2,"Buss, Miss. Kate",female,36.0,0,0,13.0,S,Miss,ALONE,35-39_female,NoPrefix,2,2784
0,3,"Sadlier, Mr. Matthew",male,47.0,0,0,7.7292,Q,Mr,ALONE,45-49_male,NoPrefix,3,36765
1,2,"Lehmann, Miss. Bertha",female,17.0,0,0,12.0,C,Miss,ALONE,15-19_female,sc,1,174
1,1,"Carter, Mr. William Ernest",male,36.0,1,2,120.0,S,Mr,SMALL,35-39_male,NoPrefix,1,11376
1,3,"Jansson, Mr. Carl Olof",male,21.0,0,0,7.7958,S,Mr,ALONE,20-24_male,NoPrefix,3,35003
0,3,"Gustafsson, Mr. Johan Birger",male,28.0,2,0,7.925,S,Mr,SMALL,25-29_male,NoPrefix,3,310127
1,1,"Newell, Miss. Marjorie",female,23.0,1,0,113.275,C,Miss,SMALL,20-24_female,NoPrefix,3,3527
1,3,"Sandstrom, Mrs. Hjalmar (Agnes Charlotta Bengtsson)",female,24.0,0,2,16.7,S,Mrs,SMALL,20-24_female,pp,9,954
0,3,"Johansson, Mr. Erik",male,22.0,0,0,7.7958,S,Mr,ALONE,20-24_male,NoPrefix,3,35005
0,3,"Olsson, Miss. Elina",female,31.0,0,0,7.8542,S,Miss,ALONE,30-34_female,NoPrefix,3,35040
0,2,"McKane, Mr. Peter David",male,46.0,0,0,26.0,S,Mr,ALONE,45-49_male,NoPrefix,2,2840
0,2,"Pain, Dr. Alfred",male,23.0,0,0,10.5,S,Dr,ALONE,20-24_male,NoPrefix,2,24427
1,2,"Trout, Mrs. William H (Jessie L)",female,28.0,0,0,12.65,S,Mrs,ALONE,25-29_female,NoPrefix,2,24092
1,3,"Niskanen, Mr. Juha",male,39.0,0,0,7.925,S,Mr,ALONE,35-39_male,stono,3,310128
0,3,"Adams, Mr. John",male,26.0,0,0,8.05,S,Mr,ALONE,25-29_male,NoPrefix,3,34182
0,3,"Jussila, Miss. Mari Aina",female,21.0,1,0,9.825,S,Miss,SMALL,20-24_female,NoPrefix,4,413
0,3,"Hakkarainen, Mr. Pekka Pietari",male,28.0,1,0,15.85,S,Mr,SMALL,25-29_male,stono2,3,310127
0,3,"Oreskovic, Miss. Marija",female,20.0,0,0,8.6625,S,Miss,ALONE,15-19_female,NoPrefix,3,31509
0,2,"Gale, Mr. Shadrach",male,34.0,1,0,21.0,S,Mr,SMALL,30-34_male,NoPrefix,2,2866
0,3,"Widegren, Mr. Carl/Charles Peter",male,51.0,0,0,7.75,S,Mr,ALONE,50-54_male,NoPrefix,3,34706
1,2,"Richards, Master. William Rowe",male,3.0,1,1,18.75,S,Master,SMALL,0-4_male,NoPrefix,2,2910
0,3,"Birkeland, Mr. Hans Martin Monsen",male,21.0,0,0,7.775,S,Mr,ALONE,20-24_male,NoPrefix,3,31299
0,3,"Lefebre, Miss. Ida",female,36.0,3,1,25.4667,S,Miss,MEDIUM,35-39_female,NoPrefix,4,413
0,3,"Sdycoff, Mr. Todor",male,47.0,0,0,7.8958,S,Mr,ALONE,45-49_male,NoPrefix,3,34922
0,3,"Hart, Mr. Henry",male,47.0,0,0,6.8583,Q,Mr,ALONE,45-49_male,NoPrefix,3,39414
1,1,"Minahan, Miss. Daisy E",female,33.0,1,0,90.0,Q,Miss,SMALL,30-34_female,NoPrefix,1,1992
0,2,"Cunningham, Mr. Alfred Fleming",male,47.0,0,0,0.0,S,Mr,ALONE,45-49_male,NoPrefix,2,23985
1,3,"Sundman, Mr. Johan Julian",male,44.0,0,0,7.925,S,Mr,ALONE,40-44_male,stono,3,310126
0,3,"Meek, Mrs. Thomas (Annie Louise Rowley)",female,50.0,0,0,8.05,S,Mrs,ALONE,45-49_female,NoPrefix,3,34309
1,2,"Drew, Mrs. James Vivian (Lulu Thorne Christian)",female,34.0,1,1,32.5,S,Mrs,SMALL,30-34_female,NoPrefix,2,2822
1,2,"Silven, Miss. Lyyli Karoliina",female,18.0,0,2,13.0,S,Miss,SMALL,15-19_female,NoPrefix,2,25065
0,2,"Matthews, Mr. William John",male,30.0,0,0,13.0,S,Mr,ALONE,25-29_male,NoPrefix,2,2822
0,3,"Van Impe, Miss. Catharina",female,10.0,0,2,24.15,S,Miss,SMALL,5-9_female,NoPrefix,3,34577
0,3,"Gheorgheff, Mr. Stanio",male,47.0,0,0,7.8958,C,Mr,ALONE,45-49_male,NoPrefix,3,34925
0,3,"Charters, Mr. David",male,21.0,0,0,7.7333,Q,Mr,ALONE,20-24_male,a5,1,1303
0,3,"Zimmerman, Mr. Leo",male,29.0,0,0,7.875,S,Mr,ALONE,25-29_male,NoPrefix,3,31508
0,3,"Danbom, Mrs. Ernst Gilbert (Anna Sigrid Maria Brogren)",female,28.0,1,1,14.4,S,Mrs,SMALL,25-29_female,NoPrefix,3,34708
0,3,"Rosblom, Mr. Viktor Richard",male,18.0,1,1,20.2125,S,Mr,SMALL,15-19_male,NoPrefix,3,37012
0,3,"Wiseman, Mr. Phillippe",male,47.0,0,0,7.25,S,Mr,ALONE,45-49_male,a4,3,3424
1,2,"Clarke, Mrs. Charles V (Ada Maria Winfield)",female,28.0,1,0,26.0,S,Mrs,SMALL,25-29_female,NoPrefix,2,200
1,2,"Phillips, Miss. Kate Florence (""Mrs Kate Louise Phillips Marshall"")",female,19.0,0,0,26.0,S,Miss,ALONE,15-19_female,NoPrefix,2,25065
0,3,"Flynn, Mr. James",male,47.0,0,0,7.75,Q,Mr,ALONE,45-49_male,NoPrefix,3,36485
1,3,"Pickard, Mr. Berk (Berk Trembisky)",male,32.0,0,0,8.05,S,Mr,ALONE,30-34_male,sotonoq,3,39207
1,1,"Bjornstrom-Steffansson, Mr. Mauritz Hakan",male,28.0,0,0,26.55,S,Mr,ALONE,25-29_male,NoPrefix,1,11056
1,3,"Thorneycroft, Mrs. Percival (Florence Kate White)",female,50.0,1,0,16.1,S,Mrs,SMALL,45-49_female,NoPrefix,3,37656
1,2,"Louch, Mrs. Charles Alexander (Alice Adelaide Slow)",female,42.0,1,0,26.0,S,Mrs,SMALL,40-44_female,scah,3,308
0,3,"Kallio, Mr. Nikolai Erland",male,17.0,0,0,7.125,S,Mr,ALONE,15-19_male,stono,3,310127
0,1,"Silvey, Mr. William Baird",male,50.0,1,0,55.9,S,Mr,SMALL,45-49_male,NoPrefix,1,1350
1,1,"Carter, Miss. Lucile Polk",female,14.0,1,2,120.0,S,Miss,SMALL,10-14_female,NoPrefix,1,11376
0,3,"Ford, Miss. Doolina Margaret ""Daisy""",female,21.0,2,2,34.375,S,Miss,MEDIUM,20-24_female,wc,6,660
1,2,"Richards, Mrs. Sidney (Emily Hocking)",female,24.0,2,3,18.75,S,Mrs,MEDIUM,20-24_female,NoPrefix,2,2910
0,1,"Fortune, Mr. Mark",male,64.0,1,4,263.0,S,Mr,MEDIUM,60-64_male,NoPrefix,1,1995
0,2,"Kvillner, Mr. Johan Henrik Johannesson",male,31.0,0,0,10.5,S,Mr,ALONE,30-34_male,ca,1,1872
1,2,"Hart, Mrs. Benjamin (Esther Ada Bloomfield)",female,45.0,1,1,26.25,S,Mrs,SMALL,40-44_female,fcc,1,1352
0,3,"Hampe, Mr. Leon",male,20.0,0,0,9.5,S,Mr,ALONE,15-19_male,NoPrefix,3,34576
0,3,"Petterson, Mr. Johan Emil",male,25.0,1,0,7.775,S,Mr,SMALL,20-24_male,NoPrefix,3,34707
1,2,"Reynaldo, Ms. Encarnacion",female,28.0,0,0,13.0,S,Ms,ALONE,25-29_female,NoPrefix,2,23043
1,3,"Johannesen-Bratthammer, Mr. Bernt",male,47.0,0,0,8.1125,S,Mr,ALONE,45-49_male,NoPrefix,6,6530
1,1,"Dodge, Master. Washington",male,4.0,0,2,81.8583,S,Master,SMALL,0-4_male,NoPrefix,3,3363
1,2,"Mellinger, Miss. Madeleine Violet",female,13.0,0,1,19.5,S,Miss,SMALL,10-14_female,NoPrefix,2,25064
1,1,"Seward, Mr. Frederic Kimber",male,34.0,0,0,26.55,S,Mr,ALONE,30-34_male,NoPrefix,1,11379
1,3,"Baclini, Miss. Marie Catherine",female,5.0,2,1,19.2583,C,Miss,SMALL,0-4_female,NoPrefix,2,266
1,1,"Peuchen, Major. Arthur Godfrey",male,52.0,0,0,30.5,S,Major,ALONE,50-54_male,NoPrefix,1,11378
0,2,"West, Mr. Edwy Arthur",male,36.0,1,2,27.75,S,Mr,SMALL,35-39_male,ca,3,3465
0,3,"Hagland, Mr. Ingvald Olai Olsen",male,47.0,1,0,19.9667,S,Mr,SMALL,45-49_male,NoPrefix,6,6530
0,1,"Foreman, Mr. Benjamin Laventall",male,30.0,0,0,27.75,C,Mr,ALONE,25-29_male,NoPrefix,1,11305
1,1,"Goldenberg, Mr. Samuel L",male,49.0,1,0,89.1042,C,Mr,SMALL,45-49_male,NoPrefix,1,1745
0,3,"Peduzzi, Mr. Joseph",male,47.0,0,0,8.05,S,Mr,ALONE,45-49_male,a5,2,281
1,3,"Jalsevac, Mr. Ivan",male,29.0,0,0,7.8958,C,Mr,ALONE,25-29_male,NoPrefix,3,34924
0,1,"Millet, Mr. Francis Davis",male,65.0,0,0,26.55,S,Mr,ALONE,60-64_male,NoPrefix,1,1350
1,1,"Kenyon, Mrs. Frederick R (Marion)",female,50.0,1,0,51.8625,S,Mrs,SMALL,45-49_female,NoPrefix,1,1746
1,2,"Toomey, Miss. Ellen",female,50.0,0,0,10.5,S,Miss,ALONE,45-49_female,fcc,1,1353
0,3,"O'Connor, Mr. Maurice",male,47.0,0,0,7.75,Q,Mr,ALONE,45-49_male,NoPrefix,3,37106
1,1,"Anderson, Mr. Harry",male,48.0,0,0,26.55,S,Mr,ALONE,45-49_male,NoPrefix,1,1995
0,3,"Morley, Mr. William",male,34.0,0,0,8.05,S,Mr,ALONE,30-34_male,NoPrefix,3,36450
0,1,"Gee, Mr. Arthur H",male,47.0,0,0,38.5,S,Mr,ALONE,45-49_male,NoPrefix,1,11132
0,2,"Milling, Mr. Jacob Christian",male,48.0,0,0,13.0,S,Mr,ALONE,45-49_male,NoPrefix,2,23436
0,3,"Maisner, Mr. Simon",male,47.0,0,0,8.05,S,Mr,ALONE,45-49_male,as,2,281
0,3,"Goncalves, Mr. Manuel Estanslas",male,38.0,0,0,7.05,S,Mr,ALONE,35-39_male,sotonoq,3,310130
0,2,"Campbell, Mr. William",male,47.0,0,0,0.0,S,Mr,ALONE,45-49_male,NoPrefix,2,23985
0,1,"Smart, Mr. John Montgomery",male,56.0,0,0,26.55,S,Mr,ALONE,55-59_male,NoPrefix,1,11379
0,3,"Scanlan, Mr. James",male,47.0,0,0,7.725,Q,Mr,ALONE,45-49_male,NoPrefix,3,3620
1,3,"Baclini, Miss. Helene Barbara",female,1.0,2,1,19.2583,C,Miss,SMALL,0-4_female,NoPrefix,2,266
0,3,"Keefe, Mr. Arthur",male,47.0,0,0,7.25,S,Mr,ALONE,45-49_male,NoPrefix,3,32359
0,3,"Cacic, Mr. Luka",male,38.0,0,0,8.6625,S,Mr,ALONE,35-39_male,NoPrefix,3,31508
1,2,"West, Mrs. Edwy Arthur (Ada Mary Worth)",female,33.0,1,2,27.75,S,Mrs,SMALL,30-34_female,ca,3,3465
1,2,"Jerwan, Mrs. Amin S (Marie Marthe Thuillard)",female,23.0,0,0,13.7917,C,Mrs,ALONE,20-24_female,scah,5,54
0,3,"Strandberg, Miss. Ida Sofia",female,22.0,0,0,9.8375,S,Miss,ALONE,20-24_female,NoPrefix,7,755
0,1,"Clifford, Mr. George Quincy",male,47.0,0,0,52.0,S,Mr,ALONE,45-49_male,NoPrefix,1,11046
0,2,"Renouf, Mr. Peter Henry",male,34.0,1,0,21.0,S,Mr,SMALL,30-34_male,NoPrefix,3,3102
0,3,"Braund, Mr. Lewis Richard",male,29.0,1,0,7.0458,S,Mr,SMALL,25-29_male,NoPrefix,3,346
0,3,"Karlsson, Mr. Nils August",male,22.0,0,0,7.5208,S,Mr,ALONE,20-24_male,NoPrefix,3,35006
1,3,"Hirvonen, Miss. Hildur E",female,2.0,0,1,12.2875,S,Miss,SMALL,0-4_female,NoPrefix,3,310129
0,3,"Goodwin, Master. Harold Victor",male,9.0,5,2,46.9,S,Master,LARGE,5-9_male,ca,2,214
0,2,"Frost, Mr. Anthony Wood ""Archie""",male,47.0,0,0,0.0,S,Mr,ALONE,45-49_male,NoPrefix,2,23985
0,3,"Rouse, Mr. Richard Henry",male,50.0,0,0,8.05,S,Mr,ALONE,45-49_male,a5,3,359
1,3,"Turkula, Mrs. (Hedwig)",female,63.0,0,0,9.5875,S,Mrs,ALONE,60-64_female,NoPrefix,4,413
1,1,"Bishop, Mr. Dickinson H",male,25.0,1,0,91.0792,C,Mr,SMALL,20-24_male,NoPrefix,1,1196
0,3,"Lefebre, Miss. Jeannie",female,36.0,3,1,25.4667,S,Miss,MEDIUM,35-39_female,NoPrefix,4,413
1,1,"Hoyt, Mrs. Frederick Maxfield (Jane Anne Forby)",female,35.0,1,0,90.0,S,Mrs,SMALL,30-34_female,NoPrefix,1,1994
0,1,"Kent, Mr. Edward Austin",male,58.0,0,0,29.7,C,Mr,ALONE,55-59_male,NoPrefix,1,1177
0,3,"Somerton, Mr. Francis William",male,30.0,0,0,8.05,S,Mr,ALONE,25-29_male,a5,1,1850
1,3,"Coutts, Master. Eden Leslie ""Neville""",male,9.0,1,1,15.9,S,Master,SMALL,5-9_male,ca,3,3767
0,3,"Hagland, Mr. Konrad Mathias Reiersen",male,47.0,1,0,19.9667,S,Mr,SMALL,45-49_male,NoPrefix,6,6530
0,3,"Windelov, Mr. Einar",male,21.0,0,0,7.25,S,Mr,ALONE,20-24_male,sotonoq,3,310131
0,1,"Molson, Mr. Harry Markland",male,55.0,0,0,30.5,S,Mr,ALONE,50-54_male,NoPrefix,1,11378
0,1,"Artagaveytia, Mr. Ramon",male,71.0,0,0,49.5042,C,Mr,ALONE,70-74_male,pc,1,1760
0,3,"Stanley, Mr. Edward Roland",male,21.0,0,0,8.05,S,Mr,ALONE,20-24_male,a4,4,4538
0,3,"Yousseff, Mr. Gerious",male,47.0,0,0,14.4583,C,Mr,ALONE,45-49_male,NoPrefix,2,262
1,1,"Eustis, Miss. Elizabeth Mussey",female,54.0,1,0,78.2667,C,Miss,SMALL,50-54_female,NoPrefix,3,3694
0,3,"Shellard, Mr. Frederick William",male,47.0,0,0,15.1,S,Mr,ALONE,45-49_male,ca,6,621
0,1,"Allison, Mrs. Hudson J C (Bessie Waldo Daniels)",female,25.0,1,2,151.55,S,Mrs,SMALL,20-24_female,NoPrefix,1,11378
0,3,"Svensson, Mr. Olof",male,24.0,0,0,7.7958,S,Mr,ALONE,20-24_male,NoPrefix,3,35003
0,3,"Calic, Mr. Petar",male,17.0,0,0,8.6625,S,Mr,ALONE,15-19_male,NoPrefix,3,31508
0,3,"Canavan, Miss. Mary",female,21.0,0,0,7.75,Q,Miss,ALONE,20-24_female,NoPrefix,3,36484
0,3,"O'Sullivan, Miss. Bridget Mary",female,36.0,0,0,7.6292,Q,Miss,ALONE,35-39_female,NoPrefix,3,33090
0,3,"Laitinen, Miss. Kristina Sofia",female,37.0,0,0,9.5875,S,Miss,ALONE,35-39_female,NoPrefix,4,413
1,1,"Maioni, Miss. Roberta",female,16.0,0,0,86.5,S,Miss,ALONE,15-19_female,NoPrefix,1,11015
0,1,"Penasco y Castellana, Mr. Victor de Satode",male,18.0,1,0,108.9,C,Mr,SMALL,15-19_male,pc,1,1775
1,2,"Quick, Mrs. Frederick Charles (Jane Richards)",female,33.0,0,2,26.0,S,Mrs,SMALL,30-34_female,NoPrefix,2,2636
1,1,"Bradley, Mr. George (""George Arthur Brayton"")",male,47.0,0,0,26.55,S,Mr,ALONE,45-49_male,NoPrefix,1,11142
0,3,"Olsen, Mr. Henry Margido",male,28.0,0,0,22.525,S,Mr,ALONE,25-29_male,c,4,400
1,3,"Lang, Mr. Fang",male,26.0,0,0,56.4958,S,Mr,ALONE,25-29_male,NoPrefix,1,160
1,3,"Daly, Mr. Eugene Patrick",male,29.0,0,0,7.75,Q,Mr,ALONE,25-29_male,NoPrefix,3,38265
0,3,"Webber, Mr. James",male,47.0,0,0,8.05,S,Mr,ALONE,45-49_male,sotonoq,3,310131
1,1,"McGough, Mr. James Robert",male,36.0,0,0,26.2875,S,Mr,ALONE,35-39_male,pc,1,1747
1,1,"Rothschild, Mrs. Martin (Elizabeth L. Barrett)",female,54.0,1,0,59.4,C,Mrs,SMALL,50-54_female,pc,1,1760
0,3,"Coleff, Mr. Satio",male,24.0,0,0,7.4958,S,Mr,ALONE,20-24_male,NoPrefix,3,34920
0,1,"Walker, Mr. William Anderson",male,47.0,0,0,34.0208,S,Mr,ALONE,45-49_male,NoPrefix,3,3696
1,2,"Lemore, Mrs. (Amelia Milley)",female,34.0,0,0,10.5,S,Mrs,ALONE,30-34_female,ca,3,3426
0,3,"Ryan, Mr. Patrick",male,47.0,0,0,24.15,Q,Mr,ALONE,45-49_male,NoPrefix,3,37111
1,2,"Angle, Mrs. William A (Florence ""Mary"" Agnes Hughes)",female,36.0,1,0,26.0,S,Mrs,SMALL,35-39_female,NoPrefix,2,22687
0,3,"Pavlovic, Mr. Stefo",male,32.0,0,0,7.8958,S,Mr,ALONE,30-34_male,NoPrefix,3,34924
1,1,"Perreault, Miss. Anne",female,30.0,0,0,93.5,S,Miss,ALONE,25-29_female,NoPrefix,1,1274
0,3,"Vovk, Mr. Janko",male,22.0,0,0,7.8958,S,Mr,ALONE,20-24_male,NoPrefix,3,34925
0,3,"Lahoud, Mr. Sarkis",male,47.0,0,0,7.225,C,Mr,ALONE,45-49_male,NoPrefix,2,262
1,1,"Hippach, Mrs. Louis Albert (Ida Sophia Fischer)",female,44.0,0,1,57.9792,C,Mrs,SMALL,40-44_female,NoPrefix,1,11136
0,3,"Kassem, Mr. Fared",male,47.0,0,0,7.2292,C,Mr,ALONE,45-49_male,NoPrefix,2,270
0,3,"Farrell, Mr. James",male,40.0,0,0,7.75,Q,Mr,ALONE,35-39_male,NoPrefix,3,36723
1,2,"Ridsdale, Miss. Lucy",female,50.0,0,0,10.5,S,Miss,ALONE,45-49_female,wc,1,1425
0,1,"Farthing, Mr. John",male,47.0,0,0,221.7792,S,Mr,ALONE,45-49_male,pc,1,1748
0,3,"Salonen, Mr. Johan Werner",male,39.0,0,0,7.925,S,Mr,ALONE,35-39_male,NoPrefix,3,310129
0,2,"Hocking, Mr. Richard George",male,23.0,2,1,11.5,S,Mr,SMALL,20-24_male,NoPrefix,2,2910
1,2,"Quick, Miss. Phyllis May",female,2.0,1,1,26.0,S,Miss,SMALL,0-4_female,NoPrefix,2,2636
0,3,"Toufik, Mr. Nakli",male,47.0,0,0,7.2292,C,Mr,ALONE,45-49_male,NoPrefix,2,264
0,3,"Elias, Mr. Joseph Jr",male,17.0,1,1,7.2292,C,Mr,SMALL,15-19_male,NoPrefix,2,269
1,3,"Peter, Mrs. Catherine (Catherine Rizk)",female,50.0,0,2,22.3583,C,Mrs,SMALL,45-49_female,NoPrefix,2,266
0,3,"Cacic, Miss. Marija",female,30.0,0,0,8.6625,S,Miss,ALONE,25-29_female,NoPrefix,3,31508
1,2,"Hart, Miss. Eva Miriam",female,7.0,0,2,26.25,S,Miss,SMALL,5-9_female,fcc,1,1352
0,1,"Butt, Major. Archibald Willingham",male,45.0,0,0,26.55,S,Major,ALONE,40-44_male,NoPrefix,1,11305
1,1,"LeRoy, Miss. Bertha",female,30.0,0,0,106.425,C,Miss,ALONE,25-29_female,pc,1,1776
0,3,"Risien, Mr. Samuel Beard",male,47.0,0,0,14.5,S,Mr,ALONE,45-49_male,NoPrefix,3,36449
1,1,"Frolicher, Miss. Hedwig Margaritha",female,22.0,0,2,49.5,C,Miss,SMALL,20-24_female,NoPrefix,1,1356
1,1,"Crosby, Miss. Harriet R",female,36.0,0,2,71.0,S,Miss,SMALL,35-39_female,wep,5,573
0,3,"Andersson, Miss. Ingeborg Constanzia",female,9.0,4,2,31.275,S,Miss,LARGE,5-9_female,NoPrefix,3,34708
0,3,"Andersson, Miss. Sigrid Elisabeth",female,11.0,4,2,31.275,S,Miss,LARGE,10-14_female,NoPrefix,3,34708
1,2,"Beane, Mr. Edward",male,32.0,1,0,26.0,S,Mr,SMALL,30-34_male,NoPrefix,2,290
0,1,"Douglas, Mr. Walter Donald",male,50.0,1,0,106.425,C,Mr,SMALL,45-49_male,pc,1,1776
0,1,"Nicholson, Mr. Arthur Ernest",male,64.0,0,0,26.0,S,Mr,ALONE,60-64_male,NoPrefix,6,69
1,2,"Beane, Mrs. Edward (Ethel Clarke)",female,19.0,1,0,26.0,S,Mrs,SMALL,15-19_female,NoPrefix,2,290
1,2,"Padro y Manent, Mr. Julian",male,47.0,0,0,13.8625,C,Mr,ALONE,45-49_male,scparis,2,214
0,3,"Goldsmith, Mr. Frank John",male,33.0,1,1,20.525,S,Mr,SMALL,30-34_male,NoPrefix,3,36329
1,2,"Davies, Master. John Morgan Jr",male,8.0,1,1,36.75,S,Master,SMALL,5-9_male,ca,3,3311
1,1,"Thayer, Mr. John Borland Jr",male,17.0,0,2,110.8833,C,Mr,SMALL,15-19_male,NoPrefix,1,1742
0,2,"Sharp, Mr. Percival James R",male,27.0,0,0,26.0,S,Mr,ALONE,25-29_male,NoPrefix,2,24435
0,3,"O'Brien, Mr. Timothy",male,47.0,0,0,7.8292,Q,Mr,ALONE,45-49_male,NoPrefix,3,33097
1,3,"Leeni, Mr. Fahim (""Philip Zenni"")",male,22.0,0,0,7.225,C,Mr,ALONE,20-24_male,NoPrefix,2,262
1,3,"Ohman, Miss. Velin",female,22.0,0,0,7.775,S,Miss,ALONE,20-24_female,NoPrefix,3,34708
0,1,"Wright, Mr. George",male,62.0,0,0,26.55,S,Mr,ALONE,60-64_male,NoPrefix,1,11380
1,1,"Duff Gordon, Lady. (Lucille Christiana Sutherland) (""Mrs Morgan"")",female,48.0,1,0,39.6,C,Lady,SMALL,45-49_female,NoPrefix,1,1175
0,1,"Robbins, Mr. Victor",male,47.0,0,0,227.525,C,Mr,ALONE,45-49_male,pc,1,1775
1,1,"Taussig, Mrs. Emil (Tillie Mandelbaum)",female,39.0,1,1,79.65,S,Mrs,SMALL,35-39_female,NoPrefix,1,11041
1,3,"de Messemaeker, Mrs. Guillaume Joseph (Emma)",female,36.0,1,0,17.4,S,Mrs,SMALL,35-39_female,NoPrefix,3,34557
0,3,"Morrow, Mr. Thomas Rowan",male,47.0,0,0,7.75,Q,Mr,ALONE,45-49_male,NoPrefix,3,37262
0,3,"Sivic, Mr. Husein",male,40.0,0,0,7.8958,S,Mr,ALONE,35-39_male,NoPrefix,3,34925
0,2,"Norman, Mr. Robert Douglas",male,28.0,0,0,13.5,S,Mr,ALONE,25-29_male,NoPrefix,2,21862
0,3,"Simmons, Mr. John",male,47.0,0,0,8.05,S,Mr,ALONE,45-49_male,sotonoq,3,39208
0,3,"Meanwell, Miss. (Marion Ogden)",female,36.0,0,0,8.05,S,Miss,ALONE,35-39_female,sotonoq,3,39208
0,3,"Davies, Mr. Alfred J",male,24.0,2,0,24.15,S,Mr,SMALL,20-24_male,a4,4,4887
0,3,"Stoytcheff, Mr. Ilia",male,19.0,0,0,7.8958,S,Mr,ALONE,15-19_male,NoPrefix,3,34920
0,3,"Palsson, Mrs. Nils (Alma Cornelia Berglund)",female,29.0,0,4,21.075,S,Mrs,MEDIUM,25-29_female,NoPrefix,3,34990
0,3,"Doharr, Mr. Tannous",male,47.0,0,0,7.2292,C,Mr,ALONE,45-49_male,NoPrefix,2,268
1,3,"Jonsson, Mr. Carl",male,32.0,0,0,7.8542,S,Mr,ALONE,30-34_male,NoPrefix,3,35041
1,2,"Harris, Mr. George",male,62.0,0,0,10.5,S,Mr,ALONE,60-64_male,swpp,7,75
1,1,"Appleton, Mrs. Edward Dale (Charlotte Lamson)",female,53.0,2,0,51.4792,S,Mrs,SMALL,50-54_female,NoPrefix,1,1176
1,1,"Flynn, Mr. John Irwin (""Irving"")",male,36.0,0,0,26.3875,S,Mr,ALONE,35-39_male,pc,1,1747
1,3,"Kelly, Miss. Mary",female,36.0,0,0,7.75,Q,Miss,ALONE,35-39_female,NoPrefix,1,1431
0,3,"Rush, Mr. Alfred George John",male,16.0,0,0,8.05,S,Mr,ALONE,15-19_male,a4,2,2058
0,3,"Patchett, Mr. George",male,19.0,0,0,14.5,S,Mr,ALONE,15-19_male,NoPrefix,3,35858
1,2,"Garside, Miss. Ethel",female,34.0,0,0,13.0,S,Miss,ALONE,30-34_female,NoPrefix,2,24388
1,1,"Silvey, Mrs. William Baird (Alice Munger)",female,39.0,1,0,55.9,S,Mrs,SMALL,35-39_female,NoPrefix,1,1350
0,3,"Caram, Mrs. Joseph (Maria Elias)",female,50.0,1,0,14.4583,C,Mrs,SMALL,45-49_female,NoPrefix,2,268
1,3,"Jussila, Mr. Eiriik",male,32.0,0,0,7.925,S,Mr,ALONE,30-34_male,stono,3,310128
1,2,"Christy, Miss. Julie Rachel",female,25.0,1,1,30.0,S,Miss,SMALL,20-24_female,NoPrefix,2,23778
1,1,"Thayer, Mrs. John Borland (Marian Longstreth Morris)",female,39.0,1,1,110.8833,C,Mrs,SMALL,35-39_female,NoPrefix,1,1742
0,2,"Downton, Mr. William James",male,54.0,0,0,26.0,S,Mr,ALONE,50-54_male,NoPrefix,2,2840
0,1,"Ross, Mr. John Hugo",male,36.0,0,0,40.125,C,Mr,ALONE,35-39_male,NoPrefix,1,1304
0,3,"Paulner, Mr. Uscher",male,47.0,0,0,8.7125,C,Mr,ALONE,45-49_male,NoPrefix,3,341
1,1,"Taussig, Miss. Ruth",female,18.0,0,2,79.65,S,Miss,SMALL,15-19_female,NoPrefix,1,11041
0,2,"Jarvis, Mr. John Denzil",male,47.0,0,0,15.0,S,Mr,ALONE,45-49_male,NoPrefix,2,23756
1,1,"Frolicher-Stehli, Mr. Maxmillian",male,60.0,1,1,79.2,C,Mr,SMALL,55-59_male,NoPrefix,1,1356
0,3,"Gilinski, Mr. Eliezer",male,22.0,0,0,8.05,S,Mr,ALONE,20-24_male,NoPrefix,1,1497
0,3,"Murdlin, Mr. Joseph",male,47.0,0,0,8.05,S,Mr,ALONE,45-49_male,a5,3,323
0,3,"Rintamaki, Mr. Matti",male,35.0,0,0,7.125,S,Mr,ALONE,30-34_male,stono,3,310127
1,1,"Stephenson, Mrs. Walter Bertram (Martha Eustis)",female,52.0,1,0,78.2667,C,Mrs,SMALL,50-54_female,NoPrefix,3,3694
0,3,"Elsbury, Mr. William James",male,47.0,0,0,7.25,S,Mr,ALONE,45-49_male,a5,3,390
0,3,"Bourke, Miss. Mary",female,36.0,0,2,7.75,Q,Miss,SMALL,35-39_female,NoPrefix,3,36484
0,2,"Chapman, Mr. John Henry",male,37.0,1,0,26.0,S,Mr,SMALL,35-39_male,scah,2,2903
0,3,"Van Impe, Mr. Jean Baptiste",male,36.0,1,1,24.15,S,Mr,SMALL,35-39_male,NoPrefix,3,34577
1,2,"Leitch, Miss. Jessie Wills",female,36.0,0,0,33.0,S,Miss,ALONE,35-39_female,NoPrefix,2,24872
0,3,"Johnson, Mr. Alfred",male,49.0,0,0,0.0,S,Mr,ALONE,45-49_male,line,0,0
0,3,"Boulos, Mr. Hanna",male,47.0,0,0,7.225,C,Mr,ALONE,45-49_male,NoPrefix,2,266
1,1,"Duff Gordon, Sir. Cosmo Edmund (""Mr Morgan"")",male,49.0,1,0,56.9292,C,Sir,SMALL,45-49_male,pc,1,1748
1,2,"Jacobsohn, Mrs. Sidney Samuel (Amy Frances Christy)",female,24.0,2,1,27.0,S,Mrs,SMALL,20-24_female,NoPrefix,2,24384
0,3,"Slabenoff, Mr. Petco",male,47.0,0,0,7.8958,S,Mr,ALONE,45-49_male,NoPrefix,3,34921
0,1,"Harrington, Mr. Charles H",male,47.0,0,0,42.4,S,Mr,ALONE,45-49_male,NoPrefix,1,11379
0,3,"Torber, Mr. Ernst William",male,44.0,0,0,8.05,S,Mr,ALONE,40-44_male,NoPrefix,3,36451
1,1,"Homer, Mr. Harry (""Mr E Haven"")",male,35.0,0,0,26.55,C,Mr,ALONE,30-34_male,NoPrefix,1,11142
0,3,"Lindell, Mr. Edvard Bengtsson",male,36.0,1,0,15.55,S,Mr,SMALL,35-39_male,NoPrefix,3,34991
0,3,"Karaic, Mr. Milan",male,30.0,0,0,7.8958,S,Mr,ALONE,25-29_male,NoPrefix,3,34924
1,1,"Daniel, Mr. Robert Williams",male,27.0,0,0,30.5,S,Mr,ALONE,25-29_male,NoPrefix,1,11380
1,2,"Laroche, Mrs. Joseph (Juliette Marie Louise Lafargue)",female,22.0,1,2,41.5792,C,Mrs,SMALL,20-24_female,scparis,2,212
1,1,"Shutes, Miss. Elizabeth W",female,40.0,0,0,153.4625,S,Miss,ALONE,35-39_female,pc,1,1758
0,3,"Andersson, Mrs. Anders Johan (Alfrida Konstantia Brogren)",female,39.0,1,5,31.275,S,Mrs,LARGE,35-39_female,NoPrefix,3,34708
0,3,"Jardin, Mr. Jose Neto",male,47.0,0,0,7.05,S,Mr,ALONE,45-49_male,sotonoq,3,310130
1,3,"Murphy, Miss. Margaret Jane",female,36.0,1,0,15.5,Q,Miss,SMALL,35-39_female,NoPrefix,3,36723
0,3,"Horgan, Mr. John",male,47.0,0,0,7.75,Q,Mr,ALONE,45-49_male,NoPrefix,3,37037
0,3,"Brocklebank, Mr. William Alfred",male,35.0,0,0,8.05,S,Mr,ALONE,30-34_male,NoPrefix,3,36451
1,2,"Herman, Miss. Alice",female,24.0,1,2,65.0,S,Miss,SMALL,20-24_female,NoPrefix,2,22084
0,3,"Danbom, Mr. Ernst Gilbert",male,34.0,1,1,14.4,S,Mr,SMALL,30-34_male,NoPrefix,3,34708
0,3,"Lobb, Mrs. William Arthur (Cordelia K Stanlick)",female,26.0,1,0,16.1,S,Mrs,SMALL,25-29_female,a5,3,333
1,2,"Becker, Miss. Marion Louise",female,4.0,2,1,39.0,S,Miss,SMALL,0-4_female,NoPrefix,2,23013
0,2,"Gavey, Mr. Lawrence",male,26.0,0,0,10.5,S,Mr,ALONE,25-29_male,NoPrefix,3,3102
0,3,"Yasbeck, Mr. Antoni",male,27.0,1,0,14.4542,C,Mr,SMALL,25-29_male,NoPrefix,2,265
1,1,"Kimball, Mr. Edwin Nelson Jr",male,42.0,1,0,52.5542,S,Mr,SMALL,40-44_male,NoPrefix,1,1175
1,3,"Nakid, Mr. Sahid",male,20.0,1,1,15.7417,C,Mr,SMALL,15-19_male,NoPrefix,2,265
0,3,"Hansen, Mr. Henry Damsgaard",male,21.0,0,0,7.8542,S,Mr,ALONE,20-24_male,NoPrefix,3,35002
0,3,"Bowen, Mr. David John ""Dai""",male,21.0,0,0,16.1,S,Mr,ALONE,20-24_male,NoPrefix,5,5463
0,1,"Sutton, Mr. Frederick",male,61.0,0,0,32.3208,S,Mr,ALONE,60-64_male,NoPrefix,3,3696
0,2,"Kirkland, Rev. Charles Leonard",male,57.0,0,0,12.35,Q,Rev,ALONE,55-59_male,NoPrefix,2,21953
1,1,"Longley, Miss. Gretchen Fiske",female,21.0,0,0,77.9583,S,Miss,ALONE,20-24_female,NoPrefix,1,1350
0,3,"Bostandyeff, Mr. Guentcho",male,26.0,0,0,7.8958,S,Mr,ALONE,25-29_male,NoPrefix,3,34922
0,3,"O'Connell, Mr. Patrick D",male,47.0,0,0,7.7333,Q,Mr,ALONE,45-49_male,NoPrefix,3,33491
1,1,"Barkworth, Mr. Algernon Henry Wilson",male,80.0,0,0,30.0,S,Mr,ALONE,75-79_male,NoPrefix,2,2704
0,3,"Lundahl, Mr. Johan Svensson",male,51.0,0,0,7.0542,S,Mr,ALONE,50-54_male,NoPrefix,3,34774
1,1,"Stahelin-Maeglin, Dr. Max",male,32.0,0,0,30.5,C,Dr,ALONE,30-34_male,NoPrefix,1,1321
0,1,"Parr, Mr. William Henry Marsh",male,47.0,0,0,0.0,S,Mr,ALONE,45-49_male,NoPrefix,1,11205
0,3,"Skoog, Miss. Mabel",female,9.0,3,2,27.9,S,Miss,MEDIUM,5-9_female,NoPrefix,3,34708
1,2,"Davis, Miss. Mary",female,28.0,0,0,13.0,S,Miss,ALONE,25-29_female,NoPrefix,2,23766
0,3,"Leinonen, Mr. Antti Gustaf",male,32.0,0,0,7.925,S,Mr,ALONE,30-34_male,stono,3,310129
0,2,"Collyer, Mr. Harvey",male,31.0,1,1,26.25,S,Mr,SMALL,30-34_male,ca,3,3192
0,3,"Panula, Mrs. Juha (Maria Emilia Ojala)",female,41.0,0,5,39.6875,S,Mrs,MEDIUM,40-44_female,NoPrefix,3,310129
0,3,"Thorneycroft, Mr. Percival",male,47.0,1,0,16.1,S,Mr,SMALL,45-49_male,NoPrefix,3,37656
0,3,"Jensen, Mr. Hans Peder",male,20.0,0,0,7.8542,S,Mr,ALONE,15-19_male,NoPrefix,3,35005
1,1,"Sagesser, Mlle. Emma",female,24.0,0,0,69.3,C,Mlle,ALONE,20-24_female,pc,1,1747
0,3,"Skoog, Miss. Margit Elizabeth",female,2.0,3,2,27.9,S,Miss,MEDIUM,0-4_female,NoPrefix,3,34708
1,3,"Foo, Mr. Choong",male,47.0,0,0,56.4958,S,Mr,ALONE,45-49_male,NoPrefix,1,160
1,3,"Baclini, Miss. Eugenie",female,1.0,2,1,19.2583,C,Miss,SMALL,0-4_female,NoPrefix,2,266
1,1,"Harper, Mr. Henry Sleeper",male,48.0,1,0,76.7292,C,Mr,SMALL,45-49_male,pc,1,1757
0,3,"Cor, Mr. Liudevit",male,19.0,0,0,7.8958,S,Mr,ALONE,15-19_male,NoPrefix,3,34923
1,1,"Simonius-Blumer, Col. Oberst Alfons",male,56.0,0,0,35.5,C,Col,ALONE,55-59_male,NoPrefix,1,1321
0,3,"Willey, Mr. Edward",male,47.0,0,0,7.55,S,Mr,ALONE,45-49_male,sopp,7,75
1,3,"Stanley, Miss. Amy Zillah Elsie",female,23.0,0,0,7.55,S,Miss,ALONE,20-24_female,ca,2,231
0,3,"Mitkoff, Mr. Mito",male,47.0,0,0,7.8958,S,Mr,ALONE,45-49_male,NoPrefix,3,34922
1,2,"Doling, Miss. Elsie",female,18.0,0,1,23.0,S,Miss,SMALL,15-19_female,NoPrefix,2,23191
0,3,"Kalvik, Mr. Johannes Halvorsen",male,21.0,0,0,8.4333,S,Mr,ALONE,20-24_male,NoPrefix,8,847
1,3,"O'Leary, Miss. Hanora ""Norah""",female,36.0,0,0,7.8292,Q,Miss,ALONE,35-39_female,NoPrefix,3,33091
0,3,"Hegarty, Miss. Hanora ""Nora""",female,18.0,0,0,6.75,Q,Miss,ALONE,15-19_female,NoPrefix,3,36522
0,2,"Hickman, Mr. Leonard Mark",male,24.0,2,0,73.5,S,Mr,SMALL,20-24_male,soc,1,1487
0,3,"Radeff, Mr. Alexander",male,47.0,0,0,7.8958,S,Mr,ALONE,45-49_male,NoPrefix,3,34922
0,3,"Bourke, Mrs. John (Catherine)",female,32.0,1,1,15.5,Q,Mrs,SMALL,30-34_female,NoPrefix,3,36484
0,2,"Eitemiller, Mr. George Floyd",male,23.0,0,0,13.0,S,Mr,ALONE,20-24_male,NoPrefix,2,2975
0,1,"Newell, Mr. Arthur Webster",male,58.0,0,2,113.275,C,Mr,SMALL,55-59_male,NoPrefix,3,3527
1,1,"Frauenthal, Dr. Henry William",male,50.0,2,0,133.65,S,Dr,SMALL,45-49_male,pc,1,1761
0,3,"Badt, Mr. Mohamed",male,40.0,0,0,7.225,C,Mr,ALONE,35-39_male,NoPrefix,2,262
0,1,"Colley, Mr. Edward Pomeroy",male,47.0,0,0,25.5875,S,Mr,ALONE,45-49_male,NoPrefix,5,572
0,3,"Coleff, Mr. Peju",male,36.0,0,0,7.4958,S,Mr,ALONE,35-39_male,NoPrefix,3,34921
1,3,"Lindqvist, Mr. Eino William",male,20.0,1,0,7.925,S,Mr,SMALL,15-19_male,stono,3,310128
0,2,"Hickman, Mr. Lewis",male,32.0,2,0,73.5,S,Mr,SMALL,30-34_male,soc,1,1487
0,2,"Butler, Mr. Reginald Fenton",male,25.0,0,0,13.0,S,Mr,ALONE,20-24_male,NoPrefix,2,23468
0,3,"Rommetvedt, Mr. Knud Paust",male,47.0,0,0,7.775,S,Mr,ALONE,45-49_male,NoPrefix,3,31299
0,3,"Cook, Mr. Jacob",male,43.0,0,0,8.05,S,Mr,ALONE,40-44_male,a5,3,353
1,1,"Taylor, Mrs. Elmer Zebley (Juliet Cummins Wright)",female,50.0,1,0,52.0,S,Mrs,SMALL,45-49_female,NoPrefix,1,1999
1,2,"Brown, Mrs. Thomas William Solomon (Elizabeth Catherine Ford)",female,40.0,1,1,39.0,S,Mrs,SMALL,35-39_female,NoPrefix,2,2975
0,1,"Davidson, Mr. Thornton",male,31.0,1,0,52.0,S,Mr,SMALL,30-34_male,fc,1,1275
0,2,"Mitchell, Mr. Henry Michael",male,70.0,0,0,10.5,S,Mr,ALONE,65-69_male,ca,2,2458
1,2,"Wilhelms, Mr. Charles",male,31.0,0,0,13.0,S,Mr,ALONE,30-34_male,NoPrefix,2,24427
0,2,"Watson, Mr. Ennis Hastings",male,47.0,0,0,0.0,S,Mr,ALONE,45-49_male,NoPrefix,2,23985
0,3,"Edvardsson, Mr. Gustaf Hjalmar",male,18.0,0,0,7.775,S,Mr,ALONE,15-19_male,NoPrefix,3,34991
0,3,"Sawyer, Mr. Frederick Charles",male,24.0,0,0,8.05,S,Mr,ALONE,20-24_male,NoPrefix,3,34282
1,3,"Turja, Miss. Anna Sofia",female,18.0,0,0,9.8417,S,Miss,ALONE,15-19_female,NoPrefix,4,413
0,3,"Goodwin, Mrs. Frederick (Augusta Tyler)",female,43.0,1,6,46.9,S,Mrs,LARGE,40-44_female,ca,2,214
1,1,"Cardeza, Mr. Thomas Drake Martinez",male,36.0,0,1,512.3292,C,Mr,SMALL,35-39_male,pc,1,1775
0,3,"Peters, Miss. Katie",female,36.0,0,0,8.1375,Q,Miss,ALONE,35-39_female,NoPrefix,3,33093
1,1,"Hassab, Mr. Hammad",male,27.0,0,0,76.7292,C,Mr,ALONE,25-29_male,pc,1,1757
0,3,"Olsvigen, Mr. Thor Anderson",male,20.0,0,0,9.225,S,Mr,ALONE,15-19_male,NoPrefix,6,656
0,3,"Goodwin, Mr. Charles Edward",male,14.0,5,2,46.9,S,Mr,LARGE,10-14_male,ca,2,214
0,2,"Brown, Mr. Thomas William Solomon",male,60.0,1,1,39.0,S,Mr,SMALL,55-59_male,NoPrefix,2,2975
0,2,"Laroche, Mr. Joseph Philippe Lemercier",male,25.0,1,2,41.5792,C,Mr,SMALL,20-24_male,scparis,2,212
0,3,"Panula, Mr. Jaako Arnold",male,14.0,4,1,39.6875,S,Mr,MEDIUM,10-14_male,NoPrefix,3,310129
0,3,"Dakic, Mr. Branko",male,19.0,0,0,10.1708,S,Mr,ALONE,15-19_male,NoPrefix,3,34922
0,3,"Fischer, Mr. Eberhard Thelander",male,18.0,0,0,7.7958,S,Mr,ALONE,15-19_male,NoPrefix,3,35003
1,1,"Madill, Miss. Georgette Alexandra",female,15.0,0,1,211.3375,S,Miss,SMALL,10-14_female,NoPrefix,2,2416
1,1,"Dick, Mr. Albert Adrian",male,31.0,1,0,57.0,S,Mr,SMALL,30-34_male,NoPrefix,1,1747
1,3,"Karun, Miss. Manca",female,4.0,0,1,13.4167,C,Miss,SMALL,0-4_female,NoPrefix,3,34925
1,3,"Lam, Mr. Ali",male,47.0,0,0,56.4958,S,Mr,ALONE,45-49_male,NoPrefix,1,160
0,3,"Saad, Mr. Khalil",male,25.0,0,0,7.225,C,Mr,ALONE,20-24_male,NoPrefix,2,267
0,1,"Weir, Col. John",male,60.0,0,0,26.55,S,Col,ALONE,55-59_male,NoPrefix,1,11380
0,2,"Chapman, Mr. Charles Henry",male,52.0,0,0,13.5,S,Mr,ALONE,50-54_male,NoPrefix,2,24873
0,3,"Kelly, Mr. James",male,44.0,0,0,8.05,S,Mr,ALONE,40-44_male,NoPrefix,3,36359
1,3,"Mullens, Miss. Katherine ""Katie""",female,36.0,0,0,7.7333,Q,Miss,ALONE,35-39_female,NoPrefix,3,3585
0,1,"Thayer, Mr. John Borland",male,49.0,1,1,110.8833,C,Mr,SMALL,45-49_male,NoPrefix,1,1742
0,3,"Humblen, Mr. Adolf Mathias Nicolai Olsen",male,42.0,0,0,7.65,S,Mr,ALONE,40-44_male,NoPrefix,3,34812
1,1,"Astor, Mrs. John Jacob (Madeleine Talmadge Force)",female,18.0,1,0,227.525,C,Mrs,SMALL,15-19_female,pc,1,1775
1,1,"Silverthorne, Mr. Spencer Victor",male,35.0,0,0,26.2875,S,Mr,ALONE,30-34_male,pc,1,1747
0,3,"Barbara, Miss. Saiide",female,18.0,0,1,14.4542,C,Miss,SMALL,15-19_female,NoPrefix,2,269
0,3,"Gallagher, Mr. Martin",male,25.0,0,0,7.7417,Q,Mr,ALONE,20-24_male,NoPrefix,3,3686
0,3,"Hansen, Mr. Henrik Juul",male,26.0,1,0,7.8542,S,Mr,SMALL,25-29_male,NoPrefix,3,35002
0,2,"Morley, Mr. Henry Samuel (""Mr Henry Marshall"")",male,39.0,0,0,26.0,S,Mr,ALONE,35-39_male,NoPrefix,2,25065
1,2,"Kelly, Mrs. Florence ""Fannie""",female,45.0,0,0,13.5,S,Mrs,ALONE,40-44_female,NoPrefix,2,22359
1,1,"Calderhead, Mr. Edward Pennington",male,42.0,0,0,26.2875,S,Mr,ALONE,40-44_male,pc,1,1747
1,1,"Cleaver, Miss. Alice",female,22.0,0,0,151.55,S,Miss,ALONE,20-24_female,NoPrefix,1,11378
1,3,"Moubarek, Master. Halim Gonios (""William George"")",male,19.0,1,1,15.2458,C,Master,SMALL,15-19_male,NoPrefix,2,266
1,1,"Mayne, Mlle. Berthe Antonine (""Mrs de Villiers"")",female,24.0,0,0,49.5042,C,Mlle,ALONE,20-24_female,pc,1,1748
0,1,"Klaber, Mr. Herman",male,47.0,0,0,26.55,S,Mr,ALONE,45-49_male,NoPrefix,1,11302
1,1,"Taylor, Mr. Elmer Zebley",male,48.0,1,0,52.0,S,Mr,SMALL,45-49_male,NoPrefix,1,1999
0,3,"Larsson, Mr. August Viktor",male,29.0,0,0,9.4833,S,Mr,ALONE,25-29_male,NoPrefix,7,754
0,2,"Greenberg, Mr. Samuel",male,52.0,0,0,13.0,S,Mr,ALONE,50-54_male,NoPrefix,2,25064
0,3,"Soholt, Mr. Peter Andreas Lauritz Andersen",male,19.0,0,0,7.65,S,Mr,ALONE,15-19_male,NoPrefix,3,34812
1,1,"Endres, Miss. Caroline Louise",female,38.0,0,0,227.525,C,Miss,ALONE,35-39_female,pc,1,1775
1,2,"Troutt, Miss. Edwina Celia ""Winnie""",female,27.0,0,0,10.5,S,Miss,ALONE,25-29_female,NoPrefix,3,3421
0,3,"McEvoy, Mr. Michael",male,47.0,0,0,15.5,Q,Mr,ALONE,45-49_male,NoPrefix,3,3656
0,3,"Johnson, Mr. Malkolm Joackim",male,33.0,0,0,7.775,S,Mr,ALONE,30-34_male,NoPrefix,3,34706
1,2,"Harper, Miss. Annie Jessie ""Nina""",female,6.0,0,1,33.0,S,Miss,SMALL,5-9_female,NoPrefix,2,24872
0,3,"Jensen, Mr. Svend Lauritz",male,17.0,1,0,7.0542,S,Mr,SMALL,15-19_male,NoPrefix,3,35004
0,2,"Gillespie, Mr. William Henry",male,34.0,0,0,13.0,S,Mr,ALONE,30-34_male,NoPrefix,1,1223
0,2,"Hodges, Mr. Henry Price",male,50.0,0,0,13.0,S,Mr,ALONE,45-49_male,NoPrefix,2,25064
1,1,"Chambers, Mr. Norman Campbell",male,27.0,1,0,53.1,S,Mr,SMALL,25-29_male,NoPrefix,1,11380
0,3,"Oreskovic, Mr. Luka",male,20.0,0,0,8.6625,S,Mr,ALONE,15-19_male,NoPrefix,3,31509
1,2,"Renouf, Mrs. Peter Henry (Lillian Jefferys)",female,30.0,3,0,21.0,S,Mrs,SMALL,25-29_female,NoPrefix,3,3102
1,3,"Mannion, Miss. Margareth",female,36.0,0,0,7.7375,Q,Miss,ALONE,35-39_female,NoPrefix,3,3686
0,2,"Bryhl, Mr. Kurt Arnold Gottfrid",male,25.0,1,0,26.0,S,Mr,SMALL,20-24_male,NoPrefix,2,23685
0,3,"Ilmakangas, Miss. Pieta Sofia",female,25.0,1,0,7.925,S,Miss,SMALL,20-24_female,stono2,3,310127
1,1,"Allen, Miss. Elisabeth Walton",female,29.0,0,0,211.3375,S,Miss,ALONE,25-29_female,NoPrefix,2,2416
0,3,"Hassan, Mr. Houssein G N",male,11.0,0,0,18.7875,C,Mr,ALONE,10-14_male,NoPrefix,2,269
0,2,"Knight, Mr. Robert J",male,47.0,0,0,0.0,S,Mr,ALONE,45-49_male,NoPrefix,2,23985
0,2,"Berriman, Mr. William John",male,23.0,0,0,13.0,S,Mr,ALONE,20-24_male,NoPrefix,2,2842
0,2,"Troupiansky, Mr. Moses Aaron",male,23.0,0,0,13.0,S,Mr,ALONE,20-24_male,NoPrefix,2,23363
0,3,"Williams, Mr. Leslie",male,28.0,0,0,16.1,S,Mr,ALONE,25-29_male,NoPrefix,5,5463
0,3,"Ford, Mrs. Edward (Margaret Ann Watson)",female,48.0,1,3,34.375,S,Mrs,MEDIUM,45-49_female,wc,6,660
1,1,"Lesurer, Mr. Gustave J",male,35.0,0,0,512.3292,C,Mr,ALONE,30-34_male,pc,1,1775
0,3,"Ivanoff, Mr. Kanio",male,47.0,0,0,7.8958,S,Mr,ALONE,45-49_male,NoPrefix,3,34920
0,3,"Nankoff, Mr. Minko",male,47.0,0,0,7.8958,S,Mr,ALONE,45-49_male,NoPrefix,3,34921
1,1,"Hawksford, Mr. Walter James",male,47.0,0,0,30.0,S,Mr,ALONE,45-49_male,NoPrefix,1,1698
0,1,"Cavendish, Mr. Tyrell William",male,36.0,1,0,78.85,S,Mr,SMALL,35-39_male,NoPrefix,1,1987
1,1,"Ryerson, Miss. Susan Parker ""Suzette""",female,21.0,2,2,262.375,C,Miss,MEDIUM,20-24_female,pc,1,1760
0,3,"McNamee, Mr. Neal",male,24.0,1,0,16.1,S,Mr,SMALL,20-24_male,NoPrefix,3,37656
1,3,"Stranden, Mr. Juho",male,31.0,0,0,7.925,S,Mr,ALONE,30-34_male,stono,3,310128
0,1,"Crosby, Capt. Edward Gifford",male,70.0,1,1,71.0,S,Capt,SMALL,65-69_male,wep,5,573
0,3,"Abbott, Mr. Rossmore Edward",male,16.0,1,1,20.25,S,Mr,SMALL,15-19_male,ca,2,267
1,2,"Sinkkonen, Miss. Anna",female,30.0,0,0,13.0,S,Miss,ALONE,25-29_female,NoPrefix,2,25064
0,1,"Marvin, Mr. Daniel Warner",male,19.0,1,0,53.1,S,Mr,SMALL,15-19_male,NoPrefix,1,11377
0,3,"Connaghton, Mr. Michael",male,31.0,0,0,7.75,Q,Mr,ALONE,30-34_male,NoPrefix,3,33509
1,2,"Wells, Miss. Joan",female,4.0,1,1,23.0,S,Miss,SMALL,0-4_female,NoPrefix,2,2910
1,3,"Moor, Master. Meier",male,6.0,0,1,12.475,S,Master,SMALL,5-9_male,NoPrefix,3,39209
0,3,"Vande Velde, Mr. Johannes Joseph",male,33.0,0,0,9.5,S,Mr,ALONE,30-34_male,NoPrefix,3,34578
0,3,"Jonkoff, Mr. Lalio",male,23.0,0,0,7.8958,S,Mr,ALONE,20-24_male,NoPrefix,3,34920
1,2,"Herman, Mrs. Samuel (Jane Laver)",female,48.0,1,2,65.0,S,Mrs,SMALL,45-49_female,NoPrefix,2,22084
1,2,"Hamalainen, Master. Viljo",male,1.0,1,1,14.5,S,Master,SMALL,0-4_male,NoPrefix,2,25064
0,3,"Carlsson, Mr. August Sigfrid",male,28.0,0,0,7.7958,S,Mr,ALONE,25-29_male,NoPrefix,3,35004
0,2,"Bailey, Mr. Percy Andrew",male,18.0,0,0,11.5,S,Mr,ALONE,15-19_male,NoPrefix,2,2910
0,3,"Theobald, Mr. Thomas Leonard",male,34.0,0,0,8.05,S,Mr,ALONE,30-34_male,NoPrefix,3,36329
1,1,"Rothes, the Countess. of (Lucy Noel Martha Dyer-Edwards)",female,33.0,0,0,86.5,S,Countess,ALONE,30-34_female,NoPrefix,1,11015
0,3,"Garfirth, Mr. John",male,47.0,0,0,14.5,S,Mr,ALONE,45-49_male,NoPrefix,3,35858
0,3,"Nirva, Mr. Iisakki Antino Aijo",male,41.0,0,0,7.125,S,Mr,ALONE,40-44_male,sotono2,3,310127
1,3,"Barah, Mr. Hanna Assi",male,20.0,0,0,7.2292,C,Mr,ALONE,15-19_male,NoPrefix,2,266
1,1,"Carter, Mrs. William Ernest (Lucile Polk)",female,36.0,1,2,120.0,S,Mrs,SMALL,35-39_female,NoPrefix,1,11376
0,3,"Eklund, Mr. Hans Linus",male,16.0,0,0,7.775,S,Mr,ALONE,15-19_male,NoPrefix,3,34707
1,1,"Hogeboom, Mrs. John C (Anna Andrews)",female,51.0,1,0,77.9583,S,Mrs,SMALL,50-54_female,NoPrefix,1,1350
0,1,"Brewe, Dr. Arthur Jackson",male,56.0,0,0,39.6,C,Dr,ALONE,55-59_male,NoPrefix,1,11237
0,3,"Mangan, Miss. Mary",female,30.0,0,0,7.75,Q,Miss,ALONE,25-29_female,NoPrefix,3,36485
0,3,"Moran, Mr. Daniel J",male,47.0,1,0,24.15,Q,Mr,SMALL,45-49_male,NoPrefix,3,37111
0,3,"Gronnestad, Mr. Daniel Danielsen",male,32.0,0,0,8.3625,S,Mr,ALONE,30-34_male,NoPrefix,8,847
0,3,"Lievens, Mr. Rene Aime",male,24.0,0,0,9.5,S,Mr,ALONE,20-24_male,NoPrefix,3,34578
0,3,"Jensen, Mr. Niels Peder",male,48.0,0,0,7.8542,S,Mr,ALONE,45-49_male,NoPrefix,3,35004
0,2,"Mack, Mrs. (Mary)",female,57.0,0,0,10.5,S,Mrs,ALONE,55-59_female,sopp,3,0
0,3,"Elias, Mr. Dibo",male,47.0,0,0,7.225,C,Mr,ALONE,45-49_male,NoPrefix,2,267
1,2,"Hocking, Mrs. Elizabeth (Eliza Needs)",female,54.0,1,3,23.0,S,Mrs,MEDIUM,50-54_female,NoPrefix,2,2910
0,3,"Myhrman, Mr. Pehr Fabian Oliver Malkolm",male,18.0,0,0,7.75,S,Mr,ALONE,15-19_male,NoPrefix,3,34707
0,3,"Tobin, Mr. Roger",male,47.0,0,0,7.75,Q,Mr,ALONE,45-49_male,NoPrefix,3,38312
1,3,"Emanuel, Miss. Virginia Ethel",female,5.0,0,0,12.475,S,Miss,ALONE,0-4_female,NoPrefix,3,36451
0,3,"Kilgannon, Mr. Thomas J",male,47.0,0,0,7.7375,Q,Mr,ALONE,45-49_male,NoPrefix,3,3686
1,1,"Robert, Mrs. Edward Scott (Elisabeth Walton McMillan)",female,43.0,0,1,211.3375,S,Mrs,SMALL,40-44_female,NoPrefix,2,2416
1,3,"Ayoub, Miss. Banoura",female,13.0,0,0,7.2292,C,Miss,ALONE,10-14_female,NoPrefix,2,268
1,1,"Dick, Mrs. Albert Adrian (Vera Gillespie)",female,17.0,1,0,57.0,S,Mrs,SMALL,15-19_female,NoPrefix,1,1747
0,1,"Long, Mr. Milton Clyde",male,29.0,0,0,30.0,S,Mr,ALONE,25-29_male,NoPrefix,1,11350
0,3,"Johnston, Mr. Andrew G",male,47.0,1,2,23.45,S,Mr,SMALL,45-49_male,wc,6,660
0,3,"Ali, Mr. William",male,25.0,0,0,7.05,S,Mr,ALONE,20-24_male,sotonoq,3,310131
0,3,"Harmer, Mr. Abraham (David Lishin)",male,25.0,0,0,7.25,S,Mr,ALONE,20-24_male,NoPrefix,3,37488
1,3,"Sjoblom, Miss. Anna Sofia",female,18.0,0,0,7.4958,S,Miss,ALONE,15-19_female,NoPrefix,3,310126
0,3,"Rice, Master. George Hugh",male,8.0,4,1,29.125,Q,Master,MEDIUM,5-9_male,NoPrefix,3,38265
1,3,"Dean, Master. Bertram Vere",male,1.0,1,2,20.575,S,Master,SMALL,0-4_male,ca,2,231
0,1,"Guggenheim, Mr. Benjamin",male,46.0,0,0,79.2,C,Mr,ALONE,45-49_male,pc,1,1759
0,3,"Keane, Mr. Andrew ""Andy""",male,47.0,0,0,7.75,Q,Mr,ALONE,45-49_male,NoPrefix,1,1246
0,2,"Gaskell, Mr. Alfred",male,16.0,0,0,26.0,S,Mr,ALONE,15-19_male,NoPrefix,2,23986
0,3,"Sage, Miss. Stella Anna",female,36.0,8,2,69.55,S,Miss,LARGE,35-39_female,ca,2,234
0,1,"Hoyt, Mr. William Fisher",male,47.0,0,0,30.6958,C,Mr,ALONE,45-49_male,pc,1,1760
0,3,"Dantcheff, Mr. Ristiu",male,25.0,0,0,7.8958,S,Mr,ALONE,20-24_male,NoPrefix,3,34920
0,2,"Otter, Mr. Richard",male,39.0,0,0,13.0,S,Mr,ALONE,35-39_male,NoPrefix,2,2821
1,1,"Leader, Dr. Alice (Farnham)",female,49.0,0,0,25.9292,S,Dr,ALONE,45-49_female,NoPrefix,1,1746
1,3,"Osman, Mrs. Mara",female,31.0,0,0,8.6833,S,Mrs,ALONE,30-34_female,NoPrefix,3,34924
0,3,"Ibrahim Shawah, Mr. Yousseff",male,30.0,0,0,7.2292,C,Mr,ALONE,25-29_male,NoPrefix,2,268
0,3,"Van Impe, Mrs. Jean Baptiste (Rosalie Paula Govaert)",female,30.0,1,1,24.15,S,Mrs,SMALL,25-29_female,NoPrefix,3,34577
0,2,"Ponesell, Mr. Martin",male,34.0,0,0,13.0,S,Mr,ALONE,30-34_male,NoPrefix,2,25064
1,2,"Collyer, Mrs. Harvey (Charlotte Annie Tate)",female,31.0,1,1,26.25,S,Mrs,SMALL,30-34_female,ca,3,3192
1,1,"Carter, Master. William Thornton II",male,11.0,1,2,120.0,S,Master,SMALL,10-14_male,NoPrefix,1,11376
1,3,"Thomas, Master. Assad Alexander",male,0.0,0,1,8.5167,C,Master,SMALL,0-4_male,NoPrefix,2,262
1,3,"Hedman, Mr. Oskar Arvid",male,27.0,0,0,6.975,S,Mr,ALONE,25-29_male,NoPrefix,3,34708
0,3,"Johansson, Mr. Karl Johan",male,31.0,0,0,7.775,S,Mr,ALONE,30-34_male,NoPrefix,3,34706
0,1,"Andrews, Mr. Thomas Jr",male,39.0,0,0,0.0,S,Mr,ALONE,35-39_male,NoPrefix,1,11205
0,3,"Pettersson, Miss. Ellen Natalia",female,18.0,0,0,7.775,S,Miss,ALONE,15-19_female,NoPrefix,3,34708
0,2,"Meyer, Mr. August",male,39.0,0,0,13.0,S,Mr,ALONE,35-39_male,NoPrefix,2,24872
1,1,"Chambers, Mrs. Norman Campbell (Bertha Griggs)",female,33.0,1,0,53.1,S,Mrs,SMALL,30-34_female,NoPrefix,1,11380
0,3,"Alexander, Mr. William",male,26.0,0,0,7.8875,S,Mr,ALONE,25-29_male,NoPrefix,3,347
0,3,"Lester, Mr. James",male,39.0,0,0,24.15,S,Mr,ALONE,35-39_male,a4,4,4887
0,2,"Slemen, Mr. Richard James",male,35.0,0,0,10.5,S,Mr,ALONE,30-34_male,NoPrefix,2,2820
0,3,"Andersson, Miss. Ebba Iris Alfrida",female,6.0,4,2,31.275,S,Miss,LARGE,5-9_female,NoPrefix,3,34708
0,3,"Tomlin, Mr. Ernest Portage",male,30.0,0,0,8.05,S,Mr,ALONE,25-29_male,NoPrefix,3,36449
0,1,"Fry, Mr. Richard",male,47.0,0,0,0.0,S,Mr,ALONE,45-49_male,NoPrefix,1,11205
0,3,"Heininen, Miss. Wendla Maria",female,23.0,0,0,7.925,S,Miss,ALONE,20-24_female,stono2,3,310129
0,2,"Mallet, Mr. Albert",male,31.0,1,1,37.0042,C,Mr,SMALL,30-34_male,scparis,2,207
0,3,"Holm, Mr. John Fredrik Alexander",male,43.0,0,0,6.45,S,Mr,ALONE,40-44_male,c,7,707
0,3,"Skoog, Master. Karl Thorsten",male,10.0,3,2,27.9,S,Master,MEDIUM,5-9_male,NoPrefix,3,34708
1,1,"Hays, Mrs. Charles Melville (Clara Jennings Gregg)",female,52.0,1,1,93.5,S,Mrs,SMALL,50-54_female,NoPrefix,1,1274
1,3,"Lulic, Mr. Nikola",male,27.0,0,0,8.6625,S,Mr,ALONE,25-29_male,NoPrefix,3,31509
0,1,"Reuchlin, Jonkheer. John George",male,38.0,0,0,0.0,S,Jonkheer,ALONE,35-39_male,NoPrefix,1,1997
1,3,"Moor, Mrs. (Beila)",female,27.0,0,1,12.475,S,Mrs,SMALL,25-29_female,NoPrefix,3,39209
0,3,"Panula, Master. Urho Abraham",male,2.0,4,1,39.6875,S,Master,MEDIUM,0-4_male,NoPrefix,3,310129
0,3,"Flynn, Mr. John",male,47.0,0,0,6.95,Q,Mr,ALONE,45-49_male,NoPrefix,3,36832
0,3,"Lam, Mr. Len",male,47.0,0,0,56.4958,S,Mr,ALONE,45-49_male,NoPrefix,1,160
1,2,"Mallet, Master. Andre",male,1.0,0,2,37.0042,C,Master,SMALL,0-4_male,scparis,2,207
1,3,"McCormack, Mr. Thomas Joseph",male,47.0,0,0,7.75,Q,Mr,ALONE,45-49_male,NoPrefix,3,36722
1,3,"Yasbeck, Mrs. Antoni (Selini Alexander)",female,15.0,1,0,14.4542,C,Mrs,SMALL,10-14_female,NoPrefix,2,265
1,2,"Richards, Master. George Sibley",male,1.0,1,1,18.75,S,Master,SMALL,0-4_male,NoPrefix,2,2910
0,3,"Saad, Mr. Amin",male,47.0,0,0,7.2292,C,Mr,ALONE,45-49_male,NoPrefix,2,267
0,3,"Augustsson, Mr. Albert",male,23.0,0,0,7.8542,S,Mr,ALONE,20-24_male,NoPrefix,3,34746
0,3,"Allum, Mr. Owen George",male,18.0,0,0,8.3,S,Mr,ALONE,15-19_male,NoPrefix,2,222
1,1,"Compton, Miss. Sara Rebecca",female,39.0,1,1,83.1583,C,Miss,SMALL,35-39_female,pc,1,1775
0,3,"Pasic, Mr. Jakob",male,21.0,0,0,8.6625,S,Mr,ALONE,20-24_male,NoPrefix,3,31509
0,3,"Sirota, Mr. Maurice",male,47.0,0,0,8.05,S,Mr,ALONE,45-49_male,NoPrefix,3,39209
1,3,"Chip, Mr. Chang",male,32.0,0,0,56.4958,S,Mr,ALONE,30-34_male,NoPrefix,1,160
1,1,"Marechal, Mr. Pierre",male,47.0,0,0,29.7,C,Mr,ALONE,45-49_male,NoPrefix,1,1177
0,3,"Alhomaki, Mr. Ilmari Rudolf",male,20.0,0,0,7.925,S,Mr,ALONE,15-19_male,sotono2,3,310128
0,2,"Mudd, Mr. Thomas Charles",male,16.0,0,0,10.5,S,Mr,ALONE,15-19_male,sopp,3,0
1,1,"Serepeca, Miss. Augusta",female,30.0,0,0,31.0,C,Miss,ALONE,25-29_female,NoPrefix,1,11379
0,3,"Lemberopolous, Mr. Peter L",male,34.0,0,0,6.4375,C,Mr,ALONE,30-34_male,NoPrefix,2,268
0,3,"Culumovic, Mr. Jeso",male,17.0,0,0,8.6625,S,Mr,ALONE,15-19_male,NoPrefix,3,31509
0,3,"Abbing, Mr. Anthony",male,42.0,0,0,7.55,S,Mr,ALONE,40-44_male,ca,5,554
0,3,"Sage, Mr. Douglas Bullen",male,47.0,8,2,69.55,S,Mr,LARGE,45-49_male,ca,2,234
0,3,"Markoff, Mr. Marin",male,35.0,0,0,7.8958,C,Mr,ALONE,30-34_male,NoPrefix,3,34921
0,2,"Harper, Rev. John",male,28.0,0,1,33.0,S,Rev,SMALL,25-29_male,NoPrefix,2,24872
1,1,"Goldenberg, Mrs. Samuel L (Edwiga Grabowska)",female,50.0,1,0,89.1042,C,Mrs,SMALL,45-49_female,NoPrefix,1,1745
0,3,"Andersson, Master. Sigvard Harald Elias",male,4.0,4,2,31.275,S,Master,LARGE,0-4_male,NoPrefix,3,34708
0,3,"Svensson, Mr. Johan",male,74.0,0,0,7.775,S,Mr,ALONE,70-74_male,NoPrefix,3,34706
0,3,"Boulos, Miss. Nourelain",female,9.0,1,1,15.2458,C,Miss,SMALL,5-9_female,NoPrefix,2,267
1,1,"Lines, Miss. Mary Conover",female,16.0,0,1,39.4,S,Miss,SMALL,15-19_female,pc,1,1759
0,2,"Carter, Mrs. Ernest Courtenay (Lilian Hughes)",female,44.0,1,0,26.0,S,Mrs,SMALL,40-44_female,NoPrefix,2,24425
1,3,"Aks, Mrs. Sam (Leah Rosen)",female,18.0,0,1,9.35,S,Mrs,SMALL,15-19_female,NoPrefix,3,39209
1,1,"Wick, Mrs. George Dennick (Mary Hitchcock)",female,45.0,1,1,164.8667,S,Mrs,SMALL,40-44_female,NoPrefix,3,3692
1,1,"Daly, Mr. Peter Denis ",male,51.0,0,0,26.55,S,Mr,ALONE,50-54_male,NoPrefix,1,11305
1,3,"Baclini, Mrs. Solomon (Latifa Qurban)",female,24.0,0,3,19.2583,C,Mrs,SMALL,20-24_female,NoPrefix,2,266
0,3,"Razi, Mr. Raihed",male,47.0,0,0,7.2292,C,Mr,ALONE,45-49_male,NoPrefix,2,262
0,3,"Hansen, Mr. Claus Peter",male,41.0,2,0,14.1083,S,Mr,SMALL,40-44_male,NoPrefix,3,35002
0,2,"Giles, Mr. Frederick Edward",male,21.0,1,0,11.5,S,Mr,SMALL,20-24_male,NoPrefix,2,2813
1,1,"Swift, Mrs. Frederick Joel (Margaret Welles Barron)",female,48.0,0,0,25.9292,S,Mrs,ALONE,45-49_female,NoPrefix,1,1746
0,3,"Sage, Miss. Dorothy Edith ""Dolly""",female,36.0,8,2,69.55,S,Miss,LARGE,35-39_female,ca,2,234
0,2,"Gill, Mr. John William",male,24.0,0,0,13.0,S,Mr,ALONE,20-24_male,NoPrefix,2,23386
1,2,"Bystrom, Mrs. (Karolina)",female,42.0,0,0,13.0,S,Mrs,ALONE,40-44_female,NoPrefix,2,23685
1,2,"Duran y More, Miss. Asuncion",female,27.0,1,0,13.8583,C,Miss,SMALL,25-29_female,scparis,2,214
0,1,"Roebling, Mr. Washington Augustus II",male,31.0,0,0,50.4958,S,Mr,ALONE,30-34_male,pc,1,1759
0,3,"van Melkebeke, Mr. Philemon",male,47.0,0,0,9.5,S,Mr,ALONE,45-49_male,NoPrefix,3,34577
1,3,"Johnson, Master. Harold Theodor",male,4.0,1,1,11.1333,S,Master,SMALL,0-4_male,NoPrefix,3,34774
0,3,"Balkic, Mr. Cerin",male,26.0,0,0,7.8958,S,Mr,ALONE,25-29_male,NoPrefix,3,34924
1,1,"Beckwith, Mrs. Richard Leonard (Sallie Monypeny)",female,47.0,1,1,52.5542,S,Mrs,SMALL,45-49_female,NoPrefix,1,1175
0,1,"Carlsson, Mr. Frans Olof",male,33.0,0,0,5.0,S,Mr,ALONE,30-34_male,NoPrefix,6,69
0,3,"Vander Cruyssen, Mr. Victor",male,47.0,0,0,9.0,S,Mr,ALONE,45-49_male,NoPrefix,3,34576
1,2,"Abelson, Mrs. Samuel (Hannah Wizosky)",female,28.0,1,0,24.0,C,Mrs,SMALL,25-29_female,ppp,3,338
1,3,"Najib, Miss. Adele Kiamie ""Jane""",female,15.0,0,0,7.225,C,Miss,ALONE,10-14_female,NoPrefix,2,266
0,3,"Gustafsson, Mr. Alfred Ossian",male,20.0,0,0,9.8458,S,Mr,ALONE,15-19_male,NoPrefix,7,753
0,3,"Petroff, Mr. Nedelio",male,19.0,0,0,7.8958,S,Mr,ALONE,15-19_male,NoPrefix,3,34921
0,3,"Laleff, Mr. Kristo",male,47.0,0,0,7.8958,S,Mr,ALONE,45-49_male,NoPrefix,3,34921
1,1,"Potter, Mrs. Thomas Jr (Lily Alexenia Wilson)",female,56.0,0,1,83.1583,C,Mrs,SMALL,55-59_female,NoPrefix,1,1176
1,2,"Shelley, Mrs. William (Imanita Parrish Hall)",female,25.0,0,1,26.0,S,Mrs,SMALL,20-24_female,NoPrefix,2,23043
0,3,"Markun, Mr. Johann",male,33.0,0,0,7.8958,S,Mr,ALONE,30-34_male,NoPrefix,3,34925
0,3,"Dahlberg, Miss. Gerda Ulrika",female,22.0,0,0,10.5167,S,Miss,ALONE,20-24_female,NoPrefix,7,755
0,2,"Banfield, Mr. Frederick James",male,28.0,0,0,10.5,S,Mr,ALONE,25-29_male,casoton,3,3406
0,3,"Sutehall, Mr. Henry Jr",male,25.0,0,0,7.05,S,Mr,ALONE,20-24_male,sotonoq,3,39207
0,3,"Rice, Mrs. William (Margaret Norton)",female,39.0,0,5,29.125,Q,Mrs,MEDIUM,35-39_female,NoPrefix,3,38265
0,2,"Montvila, Rev. Juozas",male,27.0,0,0,13.0,S,Rev,ALONE,25-29_male,NoPrefix,2,21153
1,1,"Graham, Miss. Margaret Edith",female,19.0,0,0,30.0,S,Miss,ALONE,15-19_female,NoPrefix,1,11205
0,3,"Johnston, Miss. Catherine Helen ""Carrie""",female,36.0,1,2,23.45,S,Miss,SMALL,35-39_female,wc,6,660
1,1,"Behr, Mr. Karl Howell",male,26.0,0,0,30.0,C,Mr,ALONE,25-29_male,NoPrefix,1,11136
0,3,"Dooley, Mr. Patrick",male,32.0,0,0,7.75,Q,Mr,ALONE,30-34_male,NoPrefix,3,37037
